family,process,phase,backend,batch,iterations,elapsed_ms,per_iteration_ms,observation,uploads,downloads,compute_passes
mlp,1,construction,cpu,4,5,1.671,0.3342,none,0,0,0
mlp,1,forward_cold,cpu,4,1,1.123,1.123,none,0,0,0
mlp,1,forward_hot,cpu,4,3,3.1959999,1.0653332,none,0,0,0
mlp,1,backward_cold,cpu,4,1,2.165,2.165,none,0,0,0
mlp,1,backward_hot,cpu,4,3,6.42,2.14,none,0,0,0
mlp,1,step_sgd,cpu,4,3,3.697,1.2323333,none,0,0,0
mlp,1,step_adam,cpu,4,3,16.727001,5.575667,none,0,0,0
mlp,1,loss_read,cpu,4,1,0.004,0.004,every_step,0,0,0
mlp,1,step_resident,cpu,4,3,27.883001,9.294333,spaced,0,0,0
mlp,1,forward_cold,gpu,4,1,4.097,4.097,none,0,0,5
mlp,1,forward_hot,gpu,4,3,8.832,2.944,none,0,0,15
mlp,1,backward_cold,gpu,4,1,19.315,19.315,none,0,0,33
mlp,1,backward_hot,gpu,4,3,57.541996,19.180666,none,0,0,99
mlp,1,step_sgd,gpu,4,3,21.329998,7.109999,none,0,0,40
mlp,1,step_adam,gpu,4,3,95.035,31.678335,none,0,0,192
mlp,1,loss_read,gpu,4,1,0.21,0.21,every_step,0,1,0
mlp,1,step_resident,gpu,4,3,194.028,64.676,spaced,0,0,333
mlp,1,step_end_to_end,gpu,4,1,43.717,43.717,every_step,6,5,55
mlp,1,construction,cpu,16,5,2.45,0.49,none,0,0,0
mlp,1,forward_cold,cpu,16,1,4.099,4.099,none,0,0,0
mlp,1,forward_hot,cpu,16,3,12.212,4.070667,none,0,0,0
mlp,1,backward_cold,cpu,16,1,6.836,6.836,none,0,0,0
mlp,1,backward_hot,cpu,16,3,20.497002,6.832334,none,0,0,0
mlp,1,step_sgd,cpu,16,3,4.71,1.57,none,0,0,0
mlp,1,step_adam,cpu,16,3,21.429998,7.143333,none,0,0,0
mlp,1,loss_read,cpu,16,1,0.007,0.007,every_step,0,0,0
mlp,1,step_resident,cpu,16,3,56.334,18.778,spaced,0,0,0
mlp,1,forward_cold,gpu,16,1,4.137,4.137,none,0,0,5
mlp,1,forward_hot,gpu,16,3,9.84,3.28,none,0,0,15
mlp,1,backward_cold,gpu,16,1,20.379,20.379,none,0,0,33
mlp,1,backward_hot,gpu,16,3,61.236,20.412,none,0,0,99
mlp,1,step_sgd,gpu,16,3,25.788,8.596,none,0,0,40
mlp,1,step_adam,gpu,16,3,109.315994,36.438663,none,0,0,192
mlp,1,loss_read,gpu,16,1,0.237,0.237,every_step,0,1,0
mlp,1,step_resident,gpu,16,3,207.32901,69.10967,spaced,0,0,333
mlp,1,step_end_to_end,gpu,16,1,45.859,45.859,every_step,6,5,55
mlp,1,construction,cpu,64,5,3.805,0.76100004,none,0,0,0
mlp,1,forward_cold,cpu,64,1,15.9869995,15.9869995,none,0,0,0
mlp,1,forward_hot,cpu,64,3,48.358997,16.119665,none,0,0,0
mlp,1,backward_cold,cpu,64,1,23.16,23.16,none,0,0,0
mlp,1,backward_hot,cpu,64,3,69.398,23.132668,none,0,0,0
mlp,1,step_sgd,cpu,64,3,6.665,2.2216666,none,0,0,0
mlp,1,step_adam,cpu,64,3,26.884,8.961333,none,0,0,0
mlp,1,loss_read,cpu,64,1,0.01,0.01,every_step,0,0,0
mlp,1,step_resident,cpu,64,3,147.173,49.057667,spaced,0,0,0
mlp,1,forward_cold,gpu,64,1,4.605,4.605,none,0,0,5
mlp,1,forward_hot,gpu,64,3,11.188001,3.7293336,none,0,0,15
mlp,1,backward_cold,gpu,64,1,23.668001,23.668001,none,0,0,33
mlp,1,backward_hot,gpu,64,3,70.614006,23.538002,none,0,0,99
mlp,1,step_sgd,gpu,64,3,30.607998,10.202666,none,0,0,40
mlp,1,step_adam,gpu,64,3,136.615,45.538334,none,0,0,192
mlp,1,loss_read,gpu,64,1,0.278,0.278,every_step,0,1,0
mlp,1,step_resident,gpu,64,3,238.299,79.433,spaced,0,0,333
mlp,1,step_end_to_end,gpu,64,1,54.758,54.758,every_step,6,5,55
mlp,2,construction,cpu,4,5,1.712,0.3424,none,0,0,0
mlp,2,forward_cold,cpu,4,1,1.078,1.078,none,0,0,0
mlp,2,forward_hot,cpu,4,3,3.2210002,1.0736667,none,0,0,0
mlp,2,backward_cold,cpu,4,1,2.064,2.064,none,0,0,0
mlp,2,backward_hot,cpu,4,3,6.213,2.0709999,none,0,0,0
mlp,2,step_sgd,cpu,4,3,3.697,1.2323333,none,0,0,0
mlp,2,step_adam,cpu,4,3,16.821999,5.6073327,none,0,0,0
mlp,2,loss_read,cpu,4,1,0.004,0.004,every_step,0,0,0
mlp,2,step_resident,cpu,4,3,27.970999,9.323667,spaced,0,0,0
mlp,2,forward_cold,gpu,4,1,4.099,4.099,none,0,0,5
mlp,2,forward_hot,gpu,4,3,9.269,3.0896666,none,0,0,15
mlp,2,backward_cold,gpu,4,1,18.771,18.771,none,0,0,33
mlp,2,backward_hot,gpu,4,3,51.393997,17.131332,none,0,0,99
mlp,2,step_sgd,gpu,4,3,20.829,6.9430003,none,0,0,40
mlp,2,step_adam,gpu,4,3,97.146996,32.38233,none,0,0,192
mlp,2,loss_read,gpu,4,1,0.192,0.192,every_step,0,1,0
mlp,2,step_resident,gpu,4,3,169.498,56.499332,spaced,0,0,333
mlp,2,step_end_to_end,gpu,4,1,38.413,38.413,every_step,6,5,55
mlp,2,construction,cpu,16,5,2.569,0.5138,none,0,0,0
mlp,2,forward_cold,cpu,16,1,4.263,4.263,none,0,0,0
mlp,2,forward_hot,cpu,16,3,12.398,4.1326666,none,0,0,0
mlp,2,backward_cold,cpu,16,1,6.884,6.884,none,0,0,0
mlp,2,backward_hot,cpu,16,3,20.638,6.8793335,none,0,0,0
mlp,2,step_sgd,cpu,16,3,4.737,1.579,none,0,0,0
mlp,2,step_adam,cpu,16,3,21.203001,7.067667,none,0,0,0
mlp,2,loss_read,cpu,16,1,0.007,0.007,every_step,0,0,0
mlp,2,step_resident,cpu,16,3,56.643,18.881,spaced,0,0,0
mlp,2,forward_cold,gpu,16,1,4.025,4.025,none,0,0,5
mlp,2,forward_hot,gpu,16,3,9.503,3.1676667,none,0,0,15
mlp,2,backward_cold,gpu,16,1,18.764,18.764,none,0,0,33
mlp,2,backward_hot,gpu,16,3,54.282,18.094,none,0,0,99
mlp,2,step_sgd,gpu,16,3,25.582,8.527333,none,0,0,40
mlp,2,step_adam,gpu,16,3,120.591,40.197002,none,0,0,192
mlp,2,loss_read,gpu,16,1,0.25,0.25,every_step,0,1,0
mlp,2,step_resident,gpu,16,3,223.286,74.428665,spaced,0,0,333
mlp,2,step_end_to_end,gpu,16,1,48.635,48.635,every_step,6,5,55
mlp,2,construction,cpu,64,5,3.702,0.74039996,none,0,0,0
mlp,2,forward_cold,cpu,64,1,16.039001,16.039001,none,0,0,0
mlp,2,forward_hot,cpu,64,3,47.752,15.917333,none,0,0,0
mlp,2,backward_cold,cpu,64,1,23.211,23.211,none,0,0,0
mlp,2,backward_hot,cpu,64,3,69.326,23.108665,none,0,0,0
mlp,2,step_sgd,cpu,64,3,5.899,1.9663334,none,0,0,0
mlp,2,step_adam,cpu,64,3,26.013002,8.6710005,none,0,0,0
mlp,2,loss_read,cpu,64,1,0.011,0.011,every_step,0,0,0
mlp,2,step_resident,cpu,64,3,147.506,49.168667,spaced,0,0,0
mlp,2,forward_cold,gpu,64,1,4.815,4.815,none,0,0,5
mlp,2,forward_hot,gpu,64,3,11.445,3.8149998,none,0,0,15
mlp,2,backward_cold,gpu,64,1,23.745,23.745,none,0,0,33
mlp,2,backward_hot,gpu,64,3,71.938995,23.979666,none,0,0,99
mlp,2,step_sgd,gpu,64,3,30.121,10.040334,none,0,0,40
mlp,2,step_adam,gpu,64,3,132.604,44.201336,none,0,0,192
mlp,2,loss_read,gpu,64,1,0.267,0.267,every_step,0,1,0
mlp,2,step_resident,gpu,64,3,246.76999,82.25666,spaced,0,0,333
mlp,2,step_end_to_end,gpu,64,1,50.494,50.494,every_step,6,5,55
mlp,3,construction,cpu,4,5,1.615,0.323,none,0,0,0
mlp,3,forward_cold,cpu,4,1,1.054,1.054,none,0,0,0
mlp,3,forward_hot,cpu,4,3,3.116,1.0386666,none,0,0,0
mlp,3,backward_cold,cpu,4,1,2.013,2.013,none,0,0,0
mlp,3,backward_hot,cpu,4,3,6.078,2.026,none,0,0,0
mlp,3,step_sgd,cpu,4,3,3.709,1.2363334,none,0,0,0
mlp,3,step_adam,cpu,4,3,16.457,5.4856668,none,0,0,0
mlp,3,loss_read,cpu,4,1,0.004,0.004,every_step,0,0,0
mlp,3,step_resident,cpu,4,3,27.333,9.111,spaced,0,0,0
mlp,3,forward_cold,gpu,4,1,4.158,4.158,none,0,0,5
mlp,3,forward_hot,gpu,4,3,8.873,2.9576666,none,0,0,15
mlp,3,backward_cold,gpu,4,1,20.297,20.297,none,0,0,33
mlp,3,backward_hot,gpu,4,3,58.619,19.539667,none,0,0,99
mlp,3,step_sgd,gpu,4,3,22.72,7.5733333,none,0,0,40
mlp,3,step_adam,gpu,4,3,100.840004,33.613335,none,0,0,192
mlp,3,loss_read,gpu,4,1,0.196,0.196,every_step,0,1,0
mlp,3,step_resident,gpu,4,3,196.13101,65.37701,spaced,0,0,333
mlp,3,step_end_to_end,gpu,4,1,46.264,46.264,every_step,6,5,55
mlp,3,construction,cpu,16,5,2.532,0.5064,none,0,0,0
mlp,3,forward_cold,cpu,16,1,4.303,4.303,none,0,0,0
mlp,3,forward_hot,cpu,16,3,12.405,4.1349998,none,0,0,0
mlp,3,backward_cold,cpu,16,1,6.7949996,6.7949996,none,0,0,0
mlp,3,backward_hot,cpu,16,3,20.647,6.8823333,none,0,0,0
mlp,3,step_sgd,cpu,16,3,4.664,1.5546666,none,0,0,0
mlp,3,step_adam,cpu,16,3,20.916,6.972,none,0,0,0
mlp,3,loss_read,cpu,16,1,0.008,0.008,every_step,0,0,0
mlp,3,step_resident,cpu,16,3,56.246998,18.748999,spaced,0,0,0
mlp,3,forward_cold,gpu,16,1,4.5230002,4.5230002,none,0,0,5
mlp,3,forward_hot,gpu,16,3,9.672,3.224,none,0,0,15
mlp,3,backward_cold,gpu,16,1,20.216,20.216,none,0,0,33
mlp,3,backward_hot,gpu,16,3,59.273,19.757666,none,0,0,99
mlp,3,step_sgd,gpu,16,3,28.047998,9.349333,none,0,0,40
mlp,3,step_adam,gpu,16,3,116.155,38.718334,none,0,0,192
mlp,3,loss_read,gpu,16,1,0.243,0.243,every_step,0,1,0
mlp,3,step_resident,gpu,16,3,218.576,72.858665,spaced,0,0,333
mlp,3,step_end_to_end,gpu,16,1,47.954002,47.954002,every_step,6,5,55
mlp,3,construction,cpu,64,5,3.8960001,0.7792,none,0,0,0
mlp,3,forward_cold,cpu,64,1,16.157999,16.157999,none,0,0,0
mlp,3,forward_hot,cpu,64,3,47.986,15.995334,none,0,0,0
mlp,3,backward_cold,cpu,64,1,22.678001,22.678001,none,0,0,0
mlp,3,backward_hot,cpu,64,3,67.671,22.557,none,0,0,0
mlp,3,step_sgd,cpu,64,3,5.756,1.9186667,none,0,0,0
mlp,3,step_adam,cpu,64,3,25.630001,8.543334,none,0,0,0
mlp,3,loss_read,cpu,64,1,0.01,0.01,every_step,0,0,0
mlp,3,step_resident,cpu,64,3,144.29399,48.097996,spaced,0,0,0
mlp,3,forward_cold,gpu,64,1,4.631,4.631,none,0,0,5
mlp,3,forward_hot,gpu,64,3,10.941,3.647,none,0,0,15
mlp,3,backward_cold,gpu,64,1,19.875,19.875,none,0,0,33
mlp,3,backward_hot,gpu,64,3,68.342,22.780668,none,0,0,99
mlp,3,step_sgd,gpu,64,3,28.747,9.582334,none,0,0,40
mlp,3,step_adam,gpu,64,3,130.66399,43.55466,none,0,0,192
mlp,3,loss_read,gpu,64,1,0.266,0.266,every_step,0,1,0
mlp,3,step_resident,gpu,64,3,237.90701,79.30234,spaced,0,0,333
mlp,3,step_end_to_end,gpu,64,1,50.911003,50.911003,every_step,6,5,55
mlp,4,construction,cpu,4,5,1.663,0.3326,none,0,0,0
mlp,4,forward_cold,cpu,4,1,1.053,1.053,none,0,0,0
mlp,4,forward_hot,cpu,4,3,3.113,1.0376667,none,0,0,0
mlp,4,backward_cold,cpu,4,1,2.0149999,2.0149999,none,0,0,0
mlp,4,backward_hot,cpu,4,3,6.067,2.0223334,none,0,0,0
mlp,4,step_sgd,cpu,4,3,3.579,1.193,none,0,0,0
mlp,4,step_adam,cpu,4,3,16.187,5.3956666,none,0,0,0
mlp,4,loss_read,cpu,4,1,0.004,0.004,every_step,0,0,0
mlp,4,step_resident,cpu,4,3,26.516,8.838667,spaced,0,0,0
mlp,4,forward_cold,gpu,4,1,4.236,4.236,none,0,0,5
mlp,4,forward_hot,gpu,4,3,8.769,2.923,none,0,0,15
mlp,4,backward_cold,gpu,4,1,18.609001,18.609001,none,0,0,33
mlp,4,backward_hot,gpu,4,3,53.805,17.935,none,0,0,99
mlp,4,step_sgd,gpu,4,3,21.465,7.155,none,0,0,40
mlp,4,step_adam,gpu,4,3,96.892,32.297333,none,0,0,192
mlp,4,loss_read,gpu,4,1,0.237,0.237,every_step,0,1,0
mlp,4,step_resident,gpu,4,3,170.866,56.955334,spaced,0,0,333
mlp,4,step_end_to_end,gpu,4,1,39.343,39.343,every_step,6,5,55
mlp,4,construction,cpu,16,5,2.398,0.4796,none,0,0,0
mlp,4,forward_cold,cpu,16,1,4.088,4.088,none,0,0,0
mlp,4,forward_hot,cpu,16,3,12.233999,4.0779996,none,0,0,0
mlp,4,backward_cold,cpu,16,1,6.672,6.672,none,0,0,0
mlp,4,backward_hot,cpu,16,3,19.715,6.5716667,none,0,0,0
mlp,4,step_sgd,cpu,16,3,4.4679995,1.4893332,none,0,0,0
mlp,4,step_adam,cpu,16,3,20.141,6.713667,none,0,0,0
mlp,4,loss_read,cpu,16,1,0.006,0.006,every_step,0,0,0
mlp,4,step_resident,cpu,16,3,54.117,18.039,spaced,0,0,0
mlp,4,forward_cold,gpu,16,1,4.267,4.267,none,0,0,5
mlp,4,forward_hot,gpu,16,3,11.499,3.833,none,0,0,15
mlp,4,backward_cold,gpu,16,1,19.87,19.87,none,0,0,33
mlp,4,backward_hot,gpu,16,3,56.635,18.878332,none,0,0,99
mlp,4,step_sgd,gpu,16,3,25.438,8.479333,none,0,0,40
mlp,4,step_adam,gpu,16,3,104.102,34.700665,none,0,0,192
mlp,4,loss_read,gpu,16,1,0.251,0.251,every_step,0,1,0
mlp,4,step_resident,gpu,16,3,193.57399,64.524666,spaced,0,0,333
mlp,4,step_end_to_end,gpu,16,1,45.44,45.44,every_step,6,5,55
mlp,4,construction,cpu,64,5,3.352,0.6704,none,0,0,0
mlp,4,forward_cold,cpu,64,1,15.724999,15.724999,none,0,0,0
mlp,4,forward_hot,cpu,64,3,48.042,16.014,none,0,0,0
mlp,4,backward_cold,cpu,64,1,22.272,22.272,none,0,0,0
mlp,4,backward_hot,cpu,64,3,67.149,22.383001,none,0,0,0
mlp,4,step_sgd,cpu,64,3,5.534,1.8446666,none,0,0,0
mlp,4,step_adam,cpu,64,3,24.349,8.116334,none,0,0,0
mlp,4,loss_read,cpu,64,1,0.009000001,0.009000001,every_step,0,0,0
mlp,4,step_resident,cpu,64,3,142.214,47.404667,spaced,0,0,0
mlp,4,forward_cold,gpu,64,1,6.254,6.254,none,0,0,5
mlp,4,forward_hot,gpu,64,3,13.463,4.4876666,none,0,0,15
mlp,4,backward_cold,gpu,64,1,29.983002,29.983002,none,0,0,33
mlp,4,backward_hot,gpu,64,3,73.409,24.469666,none,0,0,99
mlp,4,step_sgd,gpu,64,3,30.009,10.003,none,0,0,40
mlp,4,step_adam,gpu,64,3,139.962,46.654003,none,0,0,192
mlp,4,loss_read,gpu,64,1,0.284,0.284,every_step,0,1,0
mlp,4,step_resident,gpu,64,3,246.121,82.04034,spaced,0,0,333
mlp,4,step_end_to_end,gpu,64,1,54.634003,54.634003,every_step,6,5,55
mlp,5,construction,cpu,4,5,1.678,0.3356,none,0,0,0
mlp,5,forward_cold,cpu,4,1,1.1099999,1.1099999,none,0,0,0
mlp,5,forward_hot,cpu,4,3,3.219,1.0730001,none,0,0,0
mlp,5,backward_cold,cpu,4,1,2.141,2.141,none,0,0,0
mlp,5,backward_hot,cpu,4,3,6.29,2.0966666,none,0,0,0
mlp,5,step_sgd,cpu,4,3,3.742,1.2473334,none,0,0,0
mlp,5,step_adam,cpu,4,3,16.212,5.404,none,0,0,0
mlp,5,loss_read,cpu,4,1,0.004,0.004,every_step,0,0,0
mlp,5,step_resident,cpu,4,3,26.848,8.949333,spaced,0,0,0
mlp,5,forward_cold,gpu,4,1,3.492,3.492,none,0,0,5
mlp,5,forward_hot,gpu,4,3,11.973001,3.9910002,none,0,0,15
mlp,5,backward_cold,gpu,4,1,19.470001,19.470001,none,0,0,33
mlp,5,backward_hot,gpu,4,3,51.237,17.079,none,0,0,99
mlp,5,step_sgd,gpu,4,3,20.895998,6.9653325,none,0,0,40
mlp,5,step_adam,gpu,4,3,98.129005,32.709667,none,0,0,192
mlp,5,loss_read,gpu,4,1,0.222,0.222,every_step,0,1,0
mlp,5,step_resident,gpu,4,3,178.873,59.624332,spaced,0,0,333
mlp,5,step_end_to_end,gpu,4,1,39.486,39.486,every_step,6,5,55
mlp,5,construction,cpu,16,5,2.438,0.4876,none,0,0,0
mlp,5,forward_cold,cpu,16,1,4.0870004,4.0870004,none,0,0,0
mlp,5,forward_hot,cpu,16,3,12.103,4.034333,none,0,0,0
mlp,5,backward_cold,cpu,16,1,6.561,6.561,none,0,0,0
mlp,5,backward_hot,cpu,16,3,19.775,6.5916667,none,0,0,0
mlp,5,step_sgd,cpu,16,3,4.5360003,1.5120001,none,0,0,0
mlp,5,step_adam,cpu,16,3,20.252998,6.7509995,none,0,0,0
mlp,5,loss_read,cpu,16,1,0.006,0.006,every_step,0,0,0
mlp,5,step_resident,cpu,16,3,54.59,18.196667,spaced,0,0,0
mlp,5,forward_cold,gpu,16,1,6.2060003,6.2060003,none,0,0,5
mlp,5,forward_hot,gpu,16,3,11.101,3.7003334,none,0,0,15
mlp,5,backward_cold,gpu,16,1,22.971,22.971,none,0,0,33
mlp,5,backward_hot,gpu,16,3,65.142,21.713999,none,0,0,99
mlp,5,step_sgd,gpu,16,3,27.595,9.198333,none,0,0,40
mlp,5,step_adam,gpu,16,3,122.996,40.99867,none,0,0,192
mlp,5,loss_read,gpu,16,1,0.241,0.241,every_step,0,1,0
mlp,5,step_resident,gpu,16,3,211.473,70.491005,spaced,0,0,333
mlp,5,step_end_to_end,gpu,16,1,52.21,52.21,every_step,6,5,55
mlp,5,construction,cpu,64,5,3.786,0.7572,none,0,0,0
mlp,5,forward_cold,cpu,64,1,16.453,16.453,none,0,0,0
mlp,5,forward_hot,cpu,64,3,47.593998,15.864666,none,0,0,0
mlp,5,backward_cold,cpu,64,1,23.52,23.52,none,0,0,0
mlp,5,backward_hot,cpu,64,3,69.145004,23.048334,none,0,0,0
mlp,5,step_sgd,cpu,64,3,5.7900004,1.9300002,none,0,0,0
mlp,5,step_adam,cpu,64,3,25.794,8.598001,none,0,0,0
mlp,5,loss_read,cpu,64,1,0.009000001,0.009000001,every_step,0,0,0
mlp,5,step_resident,cpu,64,3,152.01,50.67,spaced,0,0,0
mlp,5,forward_cold,gpu,64,1,6.9240003,6.9240003,none,0,0,5
mlp,5,forward_hot,gpu,64,3,12.24,4.08,none,0,0,15
mlp,5,backward_cold,gpu,64,1,27.166,27.166,none,0,0,33
mlp,5,backward_hot,gpu,64,3,76.016,25.338667,none,0,0,99
mlp,5,step_sgd,gpu,64,3,31.501003,10.500335,none,0,0,40
mlp,5,step_adam,gpu,64,3,147.801,49.267,none,0,0,192
mlp,5,loss_read,gpu,64,1,0.266,0.266,every_step,0,1,0
mlp,5,step_resident,gpu,64,3,271.211,90.40366,spaced,0,0,333
mlp,5,step_end_to_end,gpu,64,1,59.108,59.108,every_step,6,5,55
cnn,1,construction,cpu,1,5,1.391,0.2782,none,0,0,0
cnn,1,forward_cold,cpu,1,1,0.329,0.329,none,0,0,0
cnn,1,forward_hot,cpu,1,3,0.77500004,0.25833336,none,0,0,0
cnn,1,backward_cold,cpu,1,1,1.013,1.013,none,0,0,0
cnn,1,backward_hot,cpu,1,3,2.934,0.978,none,0,0,0
cnn,1,step_sgd,cpu,1,3,1.372,0.45733333,none,0,0,0
cnn,1,step_adam,cpu,1,3,5.995,1.9983333,none,0,0,0
cnn,1,loss_read,cpu,1,1,0.004,0.004,every_step,0,0,0
cnn,1,step_resident,cpu,1,3,11.197,3.7323332,spaced,0,0,0
cnn,1,forward_cold,gpu,1,1,5.295,5.295,none,0,0,6
cnn,1,forward_hot,gpu,1,3,11.753,3.9176667,none,0,0,18
cnn,1,backward_cold,gpu,1,1,18.226,18.226,none,0,0,32
cnn,1,backward_hot,gpu,1,3,54.697,18.232332,none,0,0,96
cnn,1,step_sgd,gpu,1,3,23.911,7.970333,none,0,0,40
cnn,1,step_adam,gpu,1,3,108.917,36.305668,none,0,0,192
cnn,1,loss_read,gpu,1,1,0.22299999,0.22299999,every_step,0,1,0
cnn,1,step_resident,gpu,1,3,191.03201,63.677338,spaced,0,0,333
cnn,1,step_end_to_end,gpu,1,1,43.473003,43.473003,every_step,6,5,55
cnn,1,construction,cpu,4,5,2.308,0.4616,none,0,0,0
cnn,1,forward_cold,cpu,4,1,0.852,0.852,none,0,0,0
cnn,1,forward_hot,cpu,4,3,2.46,0.82,none,0,0,0
cnn,1,backward_cold,cpu,4,1,2.347,2.347,none,0,0,0
cnn,1,backward_hot,cpu,4,3,6.7409997,2.247,none,0,0,0
cnn,1,step_sgd,cpu,4,3,2.094,0.698,none,0,0,0
cnn,1,step_adam,cpu,4,3,9.297,3.099,none,0,0,0
cnn,1,loss_read,cpu,4,1,0.006,0.006,every_step,0,0,0
cnn,1,step_resident,cpu,4,3,20.432999,6.8109994,spaced,0,0,0
cnn,1,forward_cold,gpu,4,1,6.029,6.029,none,0,0,6
cnn,1,forward_hot,gpu,4,3,13.506,4.502,none,0,0,18
cnn,1,backward_cold,gpu,4,1,21.039,21.039,none,0,0,32
cnn,1,backward_hot,gpu,4,3,62.495,20.831667,none,0,0,96
cnn,1,step_sgd,gpu,4,3,26.406,8.802,none,0,0,40
cnn,1,step_adam,gpu,4,3,128.162,42.72067,none,0,0,192
cnn,1,loss_read,gpu,4,1,0.252,0.252,every_step,0,1,0
cnn,1,step_resident,gpu,4,3,212.78,70.92667,spaced,0,0,333
cnn,1,step_end_to_end,gpu,4,1,52.871,52.871,every_step,6,5,55
cnn,1,construction,cpu,16,5,3.3170002,0.66340005,none,0,0,0
cnn,1,forward_cold,cpu,16,1,2.614,2.614,none,0,0,0
cnn,1,forward_hot,cpu,16,2,5.21,2.605,none,0,0,0
cnn,1,backward_cold,cpu,16,1,5.641,5.641,none,0,0,0
cnn,1,backward_hot,cpu,16,2,11.077,5.5385,none,0,0,0
cnn,1,step_sgd,cpu,16,2,1.8410001,0.92050004,none,0,0,0
cnn,1,step_adam,cpu,16,2,8.867999,4.4339995,none,0,0,0
cnn,1,loss_read,cpu,16,1,0.009000001,0.009000001,every_step,0,0,0
cnn,1,step_resident,cpu,16,2,26.524,13.262,spaced,0,0,0
cnn,1,forward_cold,gpu,16,1,5.672,5.672,none,0,0,6
cnn,1,forward_hot,gpu,16,2,8.991,4.4955,none,0,0,12
cnn,1,backward_cold,gpu,16,1,23.494,23.494,none,0,0,32
cnn,1,backward_hot,gpu,16,2,44.951,22.4755,none,0,0,64
cnn,1,step_sgd,gpu,16,2,16.987,8.4935,none,0,0,24
cnn,1,step_adam,gpu,16,2,87.802,43.901,none,0,0,128
cnn,1,loss_read,gpu,16,1,0.256,0.256,every_step,0,1,0
cnn,1,step_resident,gpu,16,2,159.17801,79.589005,spaced,0,0,222
cnn,1,step_end_to_end,gpu,16,1,54.012,54.012,every_step,6,5,55
cnn,2,construction,cpu,1,5,1.317,0.26340002,none,0,0,0
cnn,2,forward_cold,cpu,1,1,0.29,0.29,none,0,0,0
cnn,2,forward_hot,cpu,1,3,0.734,0.24466668,none,0,0,0
cnn,2,backward_cold,cpu,1,1,0.948,0.948,none,0,0,0
cnn,2,backward_hot,cpu,1,3,2.804,0.93466663,none,0,0,0
cnn,2,step_sgd,cpu,1,3,1.281,0.42700002,none,0,0,0
cnn,2,step_adam,cpu,1,3,5.579,1.8596667,none,0,0,0
cnn,2,loss_read,cpu,1,1,0.004,0.004,every_step,0,0,0
cnn,2,step_resident,cpu,1,3,10.339001,3.4463336,spaced,0,0,0
cnn,2,forward_cold,gpu,1,1,4.751,4.751,none,0,0,6
cnn,2,forward_hot,gpu,1,3,10.990001,3.6633337,none,0,0,18
cnn,2,backward_cold,gpu,1,1,20.145,20.145,none,0,0,32
cnn,2,backward_hot,gpu,1,3,59.202,19.734,none,0,0,96
cnn,2,step_sgd,gpu,1,3,25.994999,8.665,none,0,0,40
cnn,2,step_adam,gpu,1,3,105.297,35.099,none,0,0,192
cnn,2,loss_read,gpu,1,1,0.206,0.206,every_step,0,1,0
cnn,2,step_resident,gpu,1,3,193.185,64.395,spaced,0,0,333
cnn,2,step_end_to_end,gpu,1,1,47.005,47.005,every_step,6,5,55
cnn,2,construction,cpu,4,5,2.265,0.453,none,0,0,0
cnn,2,forward_cold,cpu,4,1,0.847,0.847,none,0,0,0
cnn,2,forward_hot,cpu,4,3,2.4099998,0.8033333,none,0,0,0
cnn,2,backward_cold,cpu,4,1,2.346,2.346,none,0,0,0
cnn,2,backward_hot,cpu,4,3,6.9389997,2.313,none,0,0,0
cnn,2,step_sgd,cpu,4,3,2.1850002,0.7283334,none,0,0,0
cnn,2,step_adam,cpu,4,3,9.802001,3.2673337,none,0,0,0
cnn,2,loss_read,cpu,4,1,0.007,0.007,every_step,0,0,0
cnn,2,step_resident,cpu,4,3,21.185999,7.062,spaced,0,0,0
cnn,2,forward_cold,gpu,4,1,4.483,4.483,none,0,0,6
cnn,2,forward_hot,gpu,4,3,10.405999,3.4686663,none,0,0,18
cnn,2,backward_cold,gpu,4,1,20.048,20.048,none,0,0,32
cnn,2,backward_hot,gpu,4,3,55.684002,18.561335,none,0,0,96
cnn,2,step_sgd,gpu,4,3,26.203999,8.734666,none,0,0,40
cnn,2,step_adam,gpu,4,3,121.01601,40.33867,none,0,0,192
cnn,2,loss_read,gpu,4,1,0.23900001,0.23900001,every_step,0,1,0
cnn,2,step_resident,gpu,4,3,221.981,73.99367,spaced,0,0,333
cnn,2,step_end_to_end,gpu,4,1,50.6,50.6,every_step,6,5,55
cnn,2,construction,cpu,16,5,3.4429998,0.68859994,none,0,0,0
cnn,2,forward_cold,cpu,16,1,2.698,2.698,none,0,0,0
cnn,2,forward_hot,cpu,16,2,5.24,2.62,none,0,0,0
cnn,2,backward_cold,cpu,16,1,5.74,5.74,none,0,0,0
cnn,2,backward_hot,cpu,16,2,11.404,5.702,none,0,0,0
cnn,2,step_sgd,cpu,16,2,1.951,0.9755,none,0,0,0
cnn,2,step_adam,cpu,16,2,9.428,4.714,none,0,0,0
cnn,2,loss_read,cpu,16,1,0.008,0.008,every_step,0,0,0
cnn,2,step_resident,cpu,16,2,28.018,14.009,spaced,0,0,0
cnn,2,forward_cold,gpu,16,1,6.1809998,6.1809998,none,0,0,6
cnn,2,forward_hot,gpu,16,2,8.918,4.459,none,0,0,12
cnn,2,backward_cold,gpu,16,1,22.877,22.877,none,0,0,32
cnn,2,backward_hot,gpu,16,2,48.890003,24.445002,none,0,0,64
cnn,2,step_sgd,gpu,16,2,18.739,9.3695,none,0,0,24
cnn,2,step_adam,gpu,16,2,87.850006,43.925003,none,0,0,128
cnn,2,loss_read,gpu,16,1,0.264,0.264,every_step,0,1,0
cnn,2,step_resident,gpu,16,2,153.246,76.623,spaced,0,0,222
cnn,2,step_end_to_end,gpu,16,1,54.805,54.805,every_step,6,5,55
cnn,3,construction,cpu,1,5,1.2870001,0.2574,none,0,0,0
cnn,3,forward_cold,cpu,1,1,0.287,0.287,none,0,0,0
cnn,3,forward_hot,cpu,1,3,0.734,0.24466668,none,0,0,0
cnn,3,backward_cold,cpu,1,1,0.97599995,0.97599995,none,0,0,0
cnn,3,backward_hot,cpu,1,3,2.852,0.95066667,none,0,0,0
cnn,3,step_sgd,cpu,1,3,1.323,0.44099998,none,0,0,0
cnn,3,step_adam,cpu,1,3,5.846,1.9486667,none,0,0,0
cnn,3,loss_read,cpu,1,1,0.005,0.005,every_step,0,0,0
cnn,3,step_resident,cpu,1,3,10.615,3.5383332,spaced,0,0,0
cnn,3,forward_cold,gpu,1,1,5.098,5.098,none,0,0,6
cnn,3,forward_hot,gpu,1,3,11.515,3.8383334,none,0,0,18
cnn,3,backward_cold,gpu,1,1,21.002,21.002,none,0,0,32
cnn,3,backward_hot,gpu,1,3,56.723,18.907667,none,0,0,96
cnn,3,step_sgd,gpu,1,3,22.714,7.5713334,none,0,0,40
cnn,3,step_adam,gpu,1,3,104.641,34.880333,none,0,0,192
cnn,3,loss_read,gpu,1,1,0.193,0.193,every_step,0,1,0
cnn,3,step_resident,gpu,1,3,187.839,62.613003,spaced,0,0,333
cnn,3,step_end_to_end,gpu,1,1,42.252,42.252,every_step,6,5,55
cnn,3,construction,cpu,4,5,2.191,0.4382,none,0,0,0
cnn,3,forward_cold,cpu,4,1,0.86899996,0.86899996,none,0,0,0
cnn,3,forward_hot,cpu,4,3,2.408,0.80266666,none,0,0,0
cnn,3,backward_cold,cpu,4,1,2.3300002,2.3300002,none,0,0,0
cnn,3,backward_hot,cpu,4,3,7.011,2.3370001,none,0,0,0
cnn,3,step_sgd,cpu,4,3,2.184,0.728,none,0,0,0
cnn,3,step_adam,cpu,4,3,9.397,3.1323335,none,0,0,0
cnn,3,loss_read,cpu,4,1,0.006,0.006,every_step,0,0,0
cnn,3,step_resident,cpu,4,3,20.679,6.893,spaced,0,0,0
cnn,3,forward_cold,gpu,4,1,5.343,5.343,none,0,0,6
cnn,3,forward_hot,gpu,4,3,11.774,3.9246666,none,0,0,18
cnn,3,backward_cold,gpu,4,1,21.130999,21.130999,none,0,0,32
cnn,3,backward_hot,gpu,4,3,61.628998,20.543,none,0,0,96
cnn,3,step_sgd,gpu,4,3,25.194,8.398,none,0,0,40
cnn,3,step_adam,gpu,4,3,118.89601,39.632004,none,0,0,192
cnn,3,loss_read,gpu,4,1,0.236,0.236,every_step,0,1,0
cnn,3,step_resident,gpu,4,3,207.398,69.13267,spaced,0,0,333
cnn,3,step_end_to_end,gpu,4,1,47.174,47.174,every_step,6,5,55
cnn,3,construction,cpu,16,5,3.3179998,0.66359997,none,0,0,0
cnn,3,forward_cold,cpu,16,1,2.604,2.604,none,0,0,0
cnn,3,forward_hot,cpu,16,2,5.112,2.556,none,0,0,0
cnn,3,backward_cold,cpu,16,1,5.65,5.65,none,0,0,0
cnn,3,backward_hot,cpu,16,2,11.254,5.627,none,0,0,0
cnn,3,step_sgd,cpu,16,2,1.929,0.9645,none,0,0,0
cnn,3,step_adam,cpu,16,2,9.176,4.588,none,0,0,0
cnn,3,loss_read,cpu,16,1,0.009000001,0.009000001,every_step,0,0,0
cnn,3,step_resident,cpu,16,2,27.227999,13.613999,spaced,0,0,0
cnn,3,forward_cold,gpu,16,1,5.717,5.717,none,0,0,6
cnn,3,forward_hot,gpu,16,2,8.749,4.3745,none,0,0,12
cnn,3,backward_cold,gpu,16,1,23.292,23.292,none,0,0,32
cnn,3,backward_hot,gpu,16,2,46.673,23.3365,none,0,0,64
cnn,3,step_sgd,gpu,16,2,19.626,9.813,none,0,0,24
cnn,3,step_adam,gpu,16,2,82.897,41.4485,none,0,0,128
cnn,3,loss_read,gpu,16,1,0.252,0.252,every_step,0,1,0
cnn,3,step_resident,gpu,16,2,148.461,74.2305,spaced,0,0,222
cnn,3,step_end_to_end,gpu,16,1,51.374,51.374,every_step,6,5,55
cnn,4,construction,cpu,1,5,1.3709999,0.2742,none,0,0,0
cnn,4,forward_cold,cpu,1,1,0.28800002,0.28800002,none,0,0,0
cnn,4,forward_hot,cpu,1,3,0.74300003,0.24766667,none,0,0,0
cnn,4,backward_cold,cpu,1,1,0.96,0.96,none,0,0,0
cnn,4,backward_hot,cpu,1,3,2.8079998,0.93599993,none,0,0,0
cnn,4,step_sgd,cpu,1,3,1.261,0.42033336,none,0,0,0
cnn,4,step_adam,cpu,1,3,5.829,1.943,none,0,0,0
cnn,4,loss_read,cpu,1,1,0.004,0.004,every_step,0,0,0
cnn,4,step_resident,cpu,1,3,10.734,3.578,spaced,0,0,0
cnn,4,forward_cold,gpu,1,1,5.2609997,5.2609997,none,0,0,6
cnn,4,forward_hot,gpu,1,3,11.581,3.8603334,none,0,0,18
cnn,4,backward_cold,gpu,1,1,20.081001,20.081001,none,0,0,32
cnn,4,backward_hot,gpu,1,3,55.373,18.457666,none,0,0,96
cnn,4,step_sgd,gpu,1,3,21.842,7.2806664,none,0,0,40
cnn,4,step_adam,gpu,1,3,103.58199,34.527332,none,0,0,192
cnn,4,loss_read,gpu,1,1,0.213,0.213,every_step,0,1,0
cnn,4,step_resident,gpu,1,3,185.30899,61.769665,spaced,0,0,333
cnn,4,step_end_to_end,gpu,1,1,44.566,44.566,every_step,6,5,55
cnn,4,construction,cpu,4,5,2.2450001,0.44900003,none,0,0,0
cnn,4,forward_cold,cpu,4,1,0.84499997,0.84499997,none,0,0,0
cnn,4,forward_hot,cpu,4,3,2.3439999,0.78133327,none,0,0,0
cnn,4,backward_cold,cpu,4,1,2.317,2.317,none,0,0,0
cnn,4,backward_hot,cpu,4,3,6.7589993,2.2529998,none,0,0,0
cnn,4,step_sgd,cpu,4,3,2.076,0.692,none,0,0,0
cnn,4,step_adam,cpu,4,3,9.362,3.1206667,none,0,0,0
cnn,4,loss_read,cpu,4,1,0.006,0.006,every_step,0,0,0
cnn,4,step_resident,cpu,4,3,20.405,6.8016667,spaced,0,0,0
cnn,4,forward_cold,gpu,4,1,4.489,4.489,none,0,0,6
cnn,4,forward_hot,gpu,4,3,11.524,3.8413334,none,0,0,18
cnn,4,backward_cold,gpu,4,1,20.798,20.798,none,0,0,32
cnn,4,backward_hot,gpu,4,3,62.289,20.763,none,0,0,96
cnn,4,step_sgd,gpu,4,3,23.916,7.972,none,0,0,40
cnn,4,step_adam,gpu,4,3,109.246,36.415333,none,0,0,192
cnn,4,loss_read,gpu,4,1,0.21100001,0.21100001,every_step,0,1,0
cnn,4,step_resident,gpu,4,3,204.569,68.18967,spaced,0,0,333
cnn,4,step_end_to_end,gpu,4,1,48.69,48.69,every_step,6,5,55
cnn,4,construction,cpu,16,5,3.394,0.6788,none,0,0,0
cnn,4,forward_cold,cpu,16,1,2.598,2.598,none,0,0,0
cnn,4,forward_hot,cpu,16,2,5.123,2.5615,none,0,0,0
cnn,4,backward_cold,cpu,16,1,5.691,5.691,none,0,0,0
cnn,4,backward_hot,cpu,16,2,11.257,5.6285,none,0,0,0
cnn,4,step_sgd,cpu,16,2,1.889,0.9445,none,0,0,0
cnn,4,step_adam,cpu,16,2,9.115001,4.5575004,none,0,0,0
cnn,4,loss_read,cpu,16,1,0.01,0.01,every_step,0,0,0
cnn,4,step_resident,cpu,16,2,27.111,13.5555,spaced,0,0,0
cnn,4,forward_cold,gpu,16,1,5.578,5.578,none,0,0,6
cnn,4,forward_hot,gpu,16,2,8.384,4.192,none,0,0,12
cnn,4,backward_cold,gpu,16,1,23.117,23.117,none,0,0,32
cnn,4,backward_hot,gpu,16,2,46.621002,23.310501,none,0,0,64
cnn,4,step_sgd,gpu,16,2,17.632,8.816,none,0,0,24
cnn,4,step_adam,gpu,16,2,84.675995,42.337997,none,0,0,128
cnn,4,loss_read,gpu,16,1,0.262,0.262,every_step,0,1,0
cnn,4,step_resident,gpu,16,2,158.274,79.137,spaced,0,0,222
cnn,4,step_end_to_end,gpu,16,1,55.838,55.838,every_step,6,5,55
cnn,5,construction,cpu,1,5,1.311,0.2622,none,0,0,0
cnn,5,forward_cold,cpu,1,1,0.28899997,0.28899997,none,0,0,0
cnn,5,forward_hot,cpu,1,3,0.74300003,0.24766667,none,0,0,0
cnn,5,backward_cold,cpu,1,1,0.957,0.957,none,0,0,0
cnn,5,backward_hot,cpu,1,3,2.759,0.9196667,none,0,0,0
cnn,5,step_sgd,cpu,1,3,1.342,0.44733334,none,0,0,0
cnn,5,step_adam,cpu,1,3,5.698,1.8993334,none,0,0,0
cnn,5,loss_read,cpu,1,1,0.004,0.004,every_step,0,0,0
cnn,5,step_resident,cpu,1,3,10.731001,3.5770004,spaced,0,0,0
cnn,5,forward_cold,gpu,1,1,4.999,4.999,none,0,0,6
cnn,5,forward_hot,gpu,1,3,11.382,3.794,none,0,0,18
cnn,5,backward_cold,gpu,1,1,20.226,20.226,none,0,0,32
cnn,5,backward_hot,gpu,1,3,58.093002,19.364334,none,0,0,96
cnn,5,step_sgd,gpu,1,3,24.208998,8.069666,none,0,0,40
cnn,5,step_adam,gpu,1,3,101.98,33.993336,none,0,0,192
cnn,5,loss_read,gpu,1,1,0.22600001,0.22600001,every_step,0,1,0
cnn,5,step_resident,gpu,1,3,194.666,64.888664,spaced,0,0,333
cnn,5,step_end_to_end,gpu,1,1,45.572002,45.572002,every_step,6,5,55
cnn,5,construction,cpu,4,5,2.147,0.42940003,none,0,0,0
cnn,5,forward_cold,cpu,4,1,0.855,0.855,none,0,0,0
cnn,5,forward_hot,cpu,4,3,2.381,0.79366666,none,0,0,0
cnn,5,backward_cold,cpu,4,1,2.283,2.283,none,0,0,0
cnn,5,backward_hot,cpu,4,3,6.724,2.2413332,none,0,0,0
cnn,5,step_sgd,cpu,4,3,2.077,0.6923333,none,0,0,0
cnn,5,step_adam,cpu,4,3,9.252001,3.0840003,none,0,0,0
cnn,5,loss_read,cpu,4,1,0.006,0.006,every_step,0,0,0
cnn,5,step_resident,cpu,4,3,20.182001,6.7273335,spaced,0,0,0
cnn,5,forward_cold,gpu,4,1,4.8389997,4.8389997,none,0,0,6
cnn,5,forward_hot,gpu,4,3,11.423,3.8076668,none,0,0,18
cnn,5,backward_cold,gpu,4,1,21.137,21.137,none,0,0,32
cnn,5,backward_hot,gpu,4,3,62.338,20.779333,none,0,0,96
cnn,5,step_sgd,gpu,4,3,25.424,8.474667,none,0,0,40
cnn,5,step_adam,gpu,4,3,121.009995,40.336666,none,0,0,192
cnn,5,loss_read,gpu,4,1,0.23400001,0.23400001,every_step,0,1,0
cnn,5,step_resident,gpu,4,3,212.762,70.92066,spaced,0,0,333
cnn,5,step_end_to_end,gpu,4,1,49.308,49.308,every_step,6,5,55
cnn,5,construction,cpu,16,5,3.326,0.6652,none,0,0,0
cnn,5,forward_cold,cpu,16,1,2.622,2.622,none,0,0,0
cnn,5,forward_hot,cpu,16,2,5.107,2.5535,none,0,0,0
cnn,5,backward_cold,cpu,16,1,5.688,5.688,none,0,0,0
cnn,5,backward_hot,cpu,16,2,11.2699995,5.6349998,none,0,0,0
cnn,5,step_sgd,cpu,16,2,1.836,0.918,none,0,0,0
cnn,5,step_adam,cpu,16,2,9.036001,4.5180006,none,0,0,0
cnn,5,loss_read,cpu,16,1,0.009000001,0.009000001,every_step,0,0,0
cnn,5,step_resident,cpu,16,2,27.19,13.595,spaced,0,0,0
cnn,5,forward_cold,gpu,16,1,5.905,5.905,none,0,0,6
cnn,5,forward_hot,gpu,16,2,8.686999,4.3434997,none,0,0,12
cnn,5,backward_cold,gpu,16,1,22.789,22.789,none,0,0,32
cnn,5,backward_hot,gpu,16,2,46.982,23.491,none,0,0,64
cnn,5,step_sgd,gpu,16,2,18.01,9.005,none,0,0,24
cnn,5,step_adam,gpu,16,2,87.059,43.5295,none,0,0,128
cnn,5,loss_read,gpu,16,1,0.257,0.257,every_step,0,1,0
cnn,5,step_resident,gpu,16,2,153.754,76.877,spaced,0,0,222
cnn,5,step_end_to_end,gpu,16,1,52.78,52.78,every_step,6,5,55
rnn,1,construction,cpu,4,5,1.565,0.31300002,none,0,0,0
rnn,1,forward_cold,cpu,4,1,1.9580001,1.9580001,none,0,0,0
rnn,1,forward_hot,cpu,4,3,5.792,1.9306666,none,0,0,0
rnn,1,backward_cold,cpu,4,1,5.43,5.43,none,0,0,0
rnn,1,backward_hot,cpu,4,3,16.901,5.6336665,none,0,0,0
rnn,1,step_sgd,cpu,4,3,1.831,0.6103333,none,0,0,0
rnn,1,step_adam,cpu,4,3,9.12,3.04,none,0,0,0
rnn,1,loss_read,cpu,4,1,0.005,0.005,every_step,0,0,0
rnn,1,step_resident,cpu,4,3,39.962,13.320667,spaced,0,0,0
rnn,1,forward_cold,gpu,4,1,30.328,30.328,none,0,0,43
rnn,1,forward_hot,gpu,4,3,76.724,25.574667,none,0,0,129
rnn,1,backward_cold,gpu,4,1,64.819,64.819,none,0,0,111
rnn,1,backward_hot,gpu,4,3,204.476,68.15867,none,0,0,333
rnn,1,step_sgd,gpu,4,3,33.486,11.162,none,0,0,50
rnn,1,step_adam,gpu,4,3,153.253,51.084335,none,0,0,240
rnn,1,loss_read,gpu,4,1,0.253,0.253,every_step,0,1,0
rnn,1,step_resident,gpu,4,3,530.732,176.91066,spaced,0,0,729
rnn,1,step_end_to_end,gpu,4,1,149.38899,149.38899,every_step,7,6,173
rnn,1,construction,cpu,16,5,4.1419997,0.82839996,none,0,0,0
rnn,1,forward_cold,cpu,16,1,9.098,9.098,none,0,0,0
rnn,1,forward_hot,cpu,16,3,27.216,9.072,none,0,0,0
rnn,1,backward_cold,cpu,16,1,21.392,21.392,none,0,0,0
rnn,1,backward_hot,cpu,16,3,65.155,21.718332,none,0,0,0
rnn,1,step_sgd,cpu,16,3,5.5979996,1.8659998,none,0,0,0
rnn,1,step_adam,cpu,16,3,26.151001,8.717,none,0,0,0
rnn,1,loss_read,cpu,16,1,0.015,0.015,every_step,0,0,0
rnn,1,step_resident,cpu,16,3,131.272,43.757336,spaced,0,0,0
rnn,1,forward_cold,gpu,16,1,38.725998,38.725998,none,0,0,43
rnn,1,forward_hot,gpu,16,3,115.086,38.362,none,0,0,129
rnn,1,backward_cold,gpu,16,1,99.279,99.279,none,0,0,111
rnn,1,backward_hot,gpu,16,3,300.52,100.17333,none,0,0,333
rnn,1,step_sgd,gpu,16,3,45.778996,15.2596655,none,0,0,50
rnn,1,step_adam,gpu,16,3,204.857,68.28567,none,0,0,240
rnn,1,loss_read,gpu,16,1,0.349,0.349,every_step,0,1,0
rnn,1,step_resident,gpu,16,3,715.07104,238.35701,spaced,0,0,729
rnn,1,step_end_to_end,gpu,16,1,197.429,197.429,every_step,7,6,173
rnn,1,construction,cpu,64,5,8.931,1.7861999,none,0,0,0
rnn,1,forward_cold,cpu,64,1,28.56,28.56,none,0,0,0
rnn,1,forward_hot,cpu,64,2,56.727,28.3635,none,0,0,0
rnn,1,backward_cold,cpu,64,1,57.875,57.875,none,0,0,0
rnn,1,backward_hot,cpu,64,2,116.333,58.1665,none,0,0,0
rnn,1,step_sgd,cpu,64,2,6.049,3.0245,none,0,0,0
rnn,1,step_adam,cpu,64,2,29.727001,14.863501,none,0,0,0
rnn,1,loss_read,cpu,64,1,0.024,0.024,every_step,0,0,0
rnn,1,step_resident,cpu,64,2,215.948,107.974,spaced,0,0,0
rnn,1,forward_cold,gpu,64,1,50.236,50.236,none,0,0,43
rnn,1,forward_hot,gpu,64,2,97.948,48.974,none,0,0,86
rnn,1,backward_cold,gpu,64,1,122.211,122.211,none,0,0,111
rnn,1,backward_hot,gpu,64,2,248.095,124.0475,none,0,0,222
rnn,1,step_sgd,gpu,64,2,32.537,16.2685,none,0,0,30
rnn,1,step_adam,gpu,64,2,163.80501,81.902504,none,0,0,160
rnn,1,loss_read,gpu,64,1,0.42,0.42,every_step,0,1,0
rnn,1,step_resident,gpu,64,2,550.779,275.3895,spaced,0,0,486
rnn,1,step_end_to_end,gpu,64,1,229.333,229.333,every_step,7,6,173
rnn,2,construction,cpu,4,5,1.5999999,0.32,none,0,0,0
rnn,2,forward_cold,cpu,4,1,1.955,1.955,none,0,0,0
rnn,2,forward_hot,cpu,4,3,5.853,1.9510001,none,0,0,0
rnn,2,backward_cold,cpu,4,1,5.5030003,5.5030003,none,0,0,0
rnn,2,backward_hot,cpu,4,3,17.221,5.7403336,none,0,0,0
rnn,2,step_sgd,cpu,4,3,1.859,0.61966664,none,0,0,0
rnn,2,step_adam,cpu,4,3,9.262,3.0873334,none,0,0,0
rnn,2,loss_read,cpu,4,1,0.005,0.005,every_step,0,0,0
rnn,2,step_resident,cpu,4,3,40.518,13.5060005,spaced,0,0,0
rnn,2,forward_cold,gpu,4,1,27.58,27.58,none,0,0,43
rnn,2,forward_hot,gpu,4,3,82.425995,27.475332,none,0,0,129
rnn,2,backward_cold,gpu,4,1,72.801,72.801,none,0,0,111
rnn,2,backward_hot,gpu,4,3,215.35399,71.78466,none,0,0,333
rnn,2,step_sgd,gpu,4,3,32.632,10.877334,none,0,0,50
rnn,2,step_adam,gpu,4,3,149.308,49.769333,none,0,0,240
rnn,2,loss_read,gpu,4,1,0.24,0.24,every_step,0,1,0
rnn,2,step_resident,gpu,4,3,539.425,179.80833,spaced,0,0,729
rnn,2,step_end_to_end,gpu,4,1,144.98401,144.98401,every_step,7,6,173
rnn,2,construction,cpu,16,5,4.3310003,0.8662001,none,0,0,0
rnn,2,forward_cold,cpu,16,1,9.332001,9.332001,none,0,0,0
rnn,2,forward_hot,cpu,16,3,27.95,9.316667,none,0,0,0
rnn,2,backward_cold,cpu,16,1,21.949001,21.949001,none,0,0,0
rnn,2,backward_hot,cpu,16,3,67.387,22.462334,none,0,0,0
rnn,2,step_sgd,cpu,16,3,5.898,1.966,none,0,0,0
rnn,2,step_adam,cpu,16,3,27.018002,9.0060005,none,0,0,0
rnn,2,loss_read,cpu,16,1,0.015,0.015,every_step,0,0,0
rnn,2,step_resident,cpu,16,3,135.12599,45.041996,spaced,0,0,0
rnn,2,forward_cold,gpu,16,1,39.875,39.875,none,0,0,43
rnn,2,forward_hot,gpu,16,3,117.40099,39.133663,none,0,0,129
rnn,2,backward_cold,gpu,16,1,96.598,96.598,none,0,0,111
rnn,2,backward_hot,gpu,16,3,298.67102,99.55701,none,0,0,333
rnn,2,step_sgd,gpu,16,3,47.919,15.973,none,0,0,50
rnn,2,step_adam,gpu,16,3,208.494,69.498,none,0,0,240
rnn,2,loss_read,gpu,16,1,0.35300002,0.35300002,every_step,0,1,0
rnn,2,step_resident,gpu,16,3,729.473,243.15767,spaced,0,0,729
rnn,2,step_end_to_end,gpu,16,1,202.125,202.125,every_step,7,6,173
rnn,2,construction,cpu,64,5,9.307,1.8614,none,0,0,0
rnn,2,forward_cold,cpu,64,1,28.933,28.933,none,0,0,0
rnn,2,forward_hot,cpu,64,2,57.77,28.885,none,0,0,0
rnn,2,backward_cold,cpu,64,1,59.542,59.542,none,0,0,0
rnn,2,backward_hot,cpu,64,2,118.948,59.474,none,0,0,0
rnn,2,step_sgd,cpu,64,2,6.234,3.117,none,0,0,0
rnn,2,step_adam,cpu,64,2,30.692,15.346,none,0,0,0
rnn,2,loss_read,cpu,64,1,0.024999999,0.024999999,every_step,0,0,0
rnn,2,step_resident,cpu,64,2,213.112,106.556,spaced,0,0,0
rnn,2,forward_cold,gpu,64,1,50.31,50.31,none,0,0,43
rnn,2,forward_hot,gpu,64,2,96.961,48.4805,none,0,0,86
rnn,2,backward_cold,gpu,64,1,128.74501,128.74501,none,0,0,111
rnn,2,backward_hot,gpu,64,2,254.75401,127.37701,none,0,0,222
rnn,2,step_sgd,gpu,64,2,34.981003,17.490501,none,0,0,30
rnn,2,step_adam,gpu,64,2,172.675,86.3375,none,0,0,160
rnn,2,loss_read,gpu,64,1,0.407,0.407,every_step,0,1,0
rnn,2,step_resident,gpu,64,2,559.947,279.9735,spaced,0,0,486
rnn,2,step_end_to_end,gpu,64,1,233.323,233.323,every_step,7,6,173
rnn,3,construction,cpu,4,5,1.576,0.3152,none,0,0,0
rnn,3,forward_cold,cpu,4,1,1.9720001,1.9720001,none,0,0,0
rnn,3,forward_hot,cpu,4,3,5.85,1.9499999,none,0,0,0
rnn,3,backward_cold,cpu,4,1,5.428,5.428,none,0,0,0
rnn,3,backward_hot,cpu,4,3,16.956,5.652,none,0,0,0
rnn,3,step_sgd,cpu,4,3,1.866,0.62200004,none,0,0,0
rnn,3,step_adam,cpu,4,3,8.861001,2.953667,none,0,0,0
rnn,3,loss_read,cpu,4,1,0.006,0.006,every_step,0,0,0
rnn,3,step_resident,cpu,4,3,39.542,13.180667,spaced,0,0,0
rnn,3,forward_cold,gpu,4,1,27.626,27.626,none,0,0,43
rnn,3,forward_hot,gpu,4,3,82.726,27.575333,none,0,0,129
rnn,3,backward_cold,gpu,4,1,72.975,72.975,none,0,0,111
rnn,3,backward_hot,gpu,4,3,209.068,69.68933,none,0,0,333
rnn,3,step_sgd,gpu,4,3,31.889,10.629666,none,0,0,50
rnn,3,step_adam,gpu,4,3,154.312,51.437332,none,0,0,240
rnn,3,loss_read,gpu,4,1,0.235,0.235,every_step,0,1,0
rnn,3,step_resident,gpu,4,3,527.955,175.985,spaced,0,0,729
rnn,3,step_end_to_end,gpu,4,1,138.65399,138.65399,every_step,7,6,173
rnn,3,construction,cpu,16,5,4.078,0.81560004,none,0,0,0
rnn,3,forward_cold,cpu,16,1,9.133,9.133,none,0,0,0
rnn,3,forward_hot,cpu,16,3,27.234,9.078,none,0,0,0
rnn,3,backward_cold,cpu,16,1,21.387,21.387,none,0,0,0
rnn,3,backward_hot,cpu,16,3,66.647,22.215668,none,0,0,0
rnn,3,step_sgd,cpu,16,3,5.8650002,1.955,none,0,0,0
rnn,3,step_adam,cpu,16,3,26.857,8.952333,none,0,0,0
rnn,3,loss_read,cpu,16,1,0.014,0.014,every_step,0,0,0
rnn,3,step_resident,cpu,16,3,133.343,44.447666,spaced,0,0,0
rnn,3,forward_cold,gpu,16,1,39.035,39.035,none,0,0,43
rnn,3,forward_hot,gpu,16,3,116.624,38.87467,none,0,0,129
rnn,3,backward_cold,gpu,16,1,100.046,100.046,none,0,0,111
rnn,3,backward_hot,gpu,16,3,294.93698,98.312325,none,0,0,333
rnn,3,step_sgd,gpu,16,3,45.772,15.257333,none,0,0,50
rnn,3,step_adam,gpu,16,3,211.18501,70.395004,none,0,0,240
rnn,3,loss_read,gpu,16,1,0.33400002,0.33400002,every_step,0,1,0
rnn,3,step_resident,gpu,16,3,700.21497,233.40498,spaced,0,0,729
rnn,3,step_end_to_end,gpu,16,1,192.83899,192.83899,every_step,7,6,173
rnn,3,construction,cpu,64,5,8.68,1.7360001,none,0,0,0
rnn,3,forward_cold,cpu,64,1,28.116999,28.116999,none,0,0,0
rnn,3,forward_hot,cpu,64,2,56.071,28.0355,none,0,0,0
rnn,3,backward_cold,cpu,64,1,56.855,56.855,none,0,0,0
rnn,3,backward_hot,cpu,64,2,114.585,57.2925,none,0,0,0
rnn,3,step_sgd,cpu,64,2,5.81,2.905,none,0,0,0
rnn,3,step_adam,cpu,64,2,28.473001,14.236501,none,0,0,0
rnn,3,loss_read,cpu,64,1,0.024,0.024,every_step,0,0,0
rnn,3,step_resident,cpu,64,2,206.621,103.3105,spaced,0,0,0
rnn,3,forward_cold,gpu,64,1,50.146,50.146,none,0,0,43
rnn,3,forward_hot,gpu,64,2,97.459,48.7295,none,0,0,86
rnn,3,backward_cold,gpu,64,1,122.099,122.099,none,0,0,111
rnn,3,backward_hot,gpu,64,2,249.94101,124.970505,none,0,0,222
rnn,3,step_sgd,gpu,64,2,34.747,17.3735,none,0,0,30
rnn,3,step_adam,gpu,64,2,167.126,83.563,none,0,0,160
rnn,3,loss_read,gpu,64,1,0.392,0.392,every_step,0,1,0
rnn,3,step_resident,gpu,64,2,551.877,275.9385,spaced,0,0,486
rnn,3,step_end_to_end,gpu,64,1,224.316,224.316,every_step,7,6,173
rnn,4,construction,cpu,4,5,1.5780001,0.3156,none,0,0,0
rnn,4,forward_cold,cpu,4,1,1.951,1.951,none,0,0,0
rnn,4,forward_hot,cpu,4,3,5.887,1.9623333,none,0,0,0
rnn,4,backward_cold,cpu,4,1,5.5550003,5.5550003,none,0,0,0
rnn,4,backward_hot,cpu,4,3,17.167,5.7223334,none,0,0,0
rnn,4,step_sgd,cpu,4,3,1.8879999,0.6293333,none,0,0,0
rnn,4,step_adam,cpu,4,3,9.023001,3.0076668,none,0,0,0
rnn,4,loss_read,cpu,4,1,0.004,0.004,every_step,0,0,0
rnn,4,step_resident,cpu,4,3,39.987003,13.329001,spaced,0,0,0
rnn,4,forward_cold,gpu,4,1,28.532,28.532,none,0,0,43
rnn,4,forward_hot,gpu,4,3,83.093,27.697668,none,0,0,129
rnn,4,backward_cold,gpu,4,1,71.051,71.051,none,0,0,111
rnn,4,backward_hot,gpu,4,3,208.173,69.391,none,0,0,333
rnn,4,step_sgd,gpu,4,3,33.527,11.175667,none,0,0,50
rnn,4,step_adam,gpu,4,3,158.535,52.845,none,0,0,240
rnn,4,loss_read,gpu,4,1,0.247,0.247,every_step,0,1,0
rnn,4,step_resident,gpu,4,3,518.25305,172.75102,spaced,0,0,729
rnn,4,step_end_to_end,gpu,4,1,138.74599,138.74599,every_step,7,6,173
rnn,4,construction,cpu,16,5,4.152,0.8304,none,0,0,0
rnn,4,forward_cold,cpu,16,1,9.0789995,9.0789995,none,0,0,0
rnn,4,forward_hot,cpu,16,3,27.217999,9.072666,none,0,0,0
rnn,4,backward_cold,cpu,16,1,21.38,21.38,none,0,0,0
rnn,4,backward_hot,cpu,16,3,65.509995,21.836664,none,0,0,0
rnn,4,step_sgd,cpu,16,3,5.601,1.867,none,0,0,0
rnn,4,step_adam,cpu,16,3,26.097,8.699,none,0,0,0
rnn,4,loss_read,cpu,16,1,0.014,0.014,every_step,0,0,0
rnn,4,step_resident,cpu,16,3,134.295,44.765,spaced,0,0,0
rnn,4,forward_cold,gpu,16,1,37.482998,37.482998,none,0,0,43
rnn,4,forward_hot,gpu,16,3,114.326004,38.10867,none,0,0,129
rnn,4,backward_cold,gpu,16,1,106.207,106.207,none,0,0,111
rnn,4,backward_hot,gpu,16,3,304.6,101.53333,none,0,0,333
rnn,4,step_sgd,gpu,16,3,46.646,15.548667,none,0,0,50
rnn,4,step_adam,gpu,16,3,229.65399,76.55133,none,0,0,240
rnn,4,loss_read,gpu,16,1,0.347,0.347,every_step,0,1,0
rnn,4,step_resident,gpu,16,3,713.86,237.95332,spaced,0,0,729
rnn,4,step_end_to_end,gpu,16,1,192.446,192.446,every_step,7,6,173
rnn,4,construction,cpu,64,5,8.875,1.775,none,0,0,0
rnn,4,forward_cold,cpu,64,1,28.07,28.07,none,0,0,0
rnn,4,forward_hot,cpu,64,2,56.302998,28.151499,none,0,0,0
rnn,4,backward_cold,cpu,64,1,57.184,57.184,none,0,0,0
rnn,4,backward_hot,cpu,64,2,115.244,57.622,none,0,0,0
rnn,4,step_sgd,cpu,64,2,5.8040004,2.9020002,none,0,0,0
rnn,4,step_adam,cpu,64,2,28.948,14.474,none,0,0,0
rnn,4,loss_read,cpu,64,1,0.024,0.024,every_step,0,0,0
rnn,4,step_resident,cpu,64,2,209.27701,104.638504,spaced,0,0,0
rnn,4,forward_cold,gpu,64,1,49.052002,49.052002,none,0,0,43
rnn,4,forward_hot,gpu,64,2,94.922,47.461,none,0,0,86
rnn,4,backward_cold,gpu,64,1,124.712,124.712,none,0,0,111
rnn,4,backward_hot,gpu,64,2,252.498,126.249,none,0,0,222
rnn,4,step_sgd,gpu,64,2,34.056,17.028,none,0,0,30
rnn,4,step_adam,gpu,64,2,170.01799,85.008995,none,0,0,160
rnn,4,loss_read,gpu,64,1,0.38799998,0.38799998,every_step,0,1,0
rnn,4,step_resident,gpu,64,2,558.813,279.4065,spaced,0,0,486
rnn,4,step_end_to_end,gpu,64,1,232.117,232.117,every_step,7,6,173
rnn,5,construction,cpu,4,5,1.555,0.311,none,0,0,0
rnn,5,forward_cold,cpu,4,1,1.954,1.954,none,0,0,0
rnn,5,forward_hot,cpu,4,3,5.801,1.9336667,none,0,0,0
rnn,5,backward_cold,cpu,4,1,5.43,5.43,none,0,0,0
rnn,5,backward_hot,cpu,4,3,17.014,5.6713333,none,0,0,0
rnn,5,step_sgd,cpu,4,3,1.818,0.606,none,0,0,0
rnn,5,step_adam,cpu,4,3,9.033,3.011,none,0,0,0
rnn,5,loss_read,cpu,4,1,0.005,0.005,every_step,0,0,0
rnn,5,step_resident,cpu,4,3,40.220997,13.406999,spaced,0,0,0
rnn,5,forward_cold,gpu,4,1,29.221,29.221,none,0,0,43
rnn,5,forward_hot,gpu,4,3,77.128,25.709333,none,0,0,129
rnn,5,backward_cold,gpu,4,1,65.374,65.374,none,0,0,111
rnn,5,backward_hot,gpu,4,3,200.77899,66.92633,none,0,0,333
rnn,5,step_sgd,gpu,4,3,32.744,10.914666,none,0,0,50
rnn,5,step_adam,gpu,4,3,162.268,54.089336,none,0,0,240
rnn,5,loss_read,gpu,4,1,0.26500002,0.26500002,every_step,0,1,0
rnn,5,step_resident,gpu,4,3,531.886,177.29533,spaced,0,0,729
rnn,5,step_end_to_end,gpu,4,1,136.226,136.226,every_step,7,6,173
rnn,5,construction,cpu,16,5,4.119,0.82379997,none,0,0,0
rnn,5,forward_cold,cpu,16,1,9.238,9.238,none,0,0,0
rnn,5,forward_hot,cpu,16,3,27.620998,9.207,none,0,0,0
rnn,5,backward_cold,cpu,16,1,21.585001,21.585001,none,0,0,0
rnn,5,backward_hot,cpu,16,3,66.147995,22.049332,none,0,0,0
rnn,5,step_sgd,cpu,16,3,5.7079997,1.9026666,none,0,0,0
rnn,5,step_adam,cpu,16,3,26.558998,8.853,none,0,0,0
rnn,5,loss_read,cpu,16,1,0.015,0.015,every_step,0,0,0
rnn,5,step_resident,cpu,16,3,132.785,44.26167,spaced,0,0,0
rnn,5,forward_cold,gpu,16,1,39.111,39.111,none,0,0,43
rnn,5,forward_hot,gpu,16,3,117.668,39.222668,none,0,0,129
rnn,5,backward_cold,gpu,16,1,98.622,98.622,none,0,0,111
rnn,5,backward_hot,gpu,16,3,298.12,99.37333,none,0,0,333
rnn,5,step_sgd,gpu,16,3,45.489998,15.163333,none,0,0,50
rnn,5,step_adam,gpu,16,3,210.915,70.305,none,0,0,240
rnn,5,loss_read,gpu,16,1,0.337,0.337,every_step,0,1,0
rnn,5,step_resident,gpu,16,3,696.106,232.03534,spaced,0,0,729
rnn,5,step_end_to_end,gpu,16,1,193.804,193.804,every_step,7,6,173
rnn,5,construction,cpu,64,5,9.000999,1.8001999,none,0,0,0
rnn,5,forward_cold,cpu,64,1,28.409,28.409,none,0,0,0
rnn,5,forward_hot,cpu,64,2,56.849,28.4245,none,0,0,0
rnn,5,backward_cold,cpu,64,1,57.84,57.84,none,0,0,0
rnn,5,backward_hot,cpu,64,2,116.091995,58.045998,none,0,0,0
rnn,5,step_sgd,cpu,64,2,5.994,2.997,none,0,0,0
rnn,5,step_adam,cpu,64,2,29.336,14.668,none,0,0,0
rnn,5,loss_read,cpu,64,1,0.024,0.024,every_step,0,0,0
rnn,5,step_resident,cpu,64,2,210.453,105.2265,spaced,0,0,0
rnn,5,forward_cold,gpu,64,1,49.219,49.219,none,0,0,43
rnn,5,forward_hot,gpu,64,2,99.29,49.645,none,0,0,86
rnn,5,backward_cold,gpu,64,1,120.174995,120.174995,none,0,0,111
rnn,5,backward_hot,gpu,64,2,246.48601,123.243004,none,0,0,222
rnn,5,step_sgd,gpu,64,2,34.648003,17.324001,none,0,0,30
rnn,5,step_adam,gpu,64,2,163.54901,81.774506,none,0,0,160
rnn,5,loss_read,gpu,64,1,0.407,0.407,every_step,0,1,0
rnn,5,step_resident,gpu,64,2,554.986,277.493,spaced,0,0,486
rnn,5,step_end_to_end,gpu,64,1,222.54001,222.54001,every_step,7,6,173
