agents,wake_percent,strategy,process,woken,warmup,frames,elapsed_ms,per_frame_ms,condition_calls,action_calls,node_visits,queue_size,checksum,tree_nodes,tree_depth,root_width
1000,0,root,1,0,100,1000,545.292,0.545292,4000000,1000000,10000000,0,0,11,5,2
1000,0,root,2,0,100,1000,547.367,0.547367,4000000,1000000,10000000,0,0,11,5,2
1000,0,root,3,0,100,1000,534.915,0.534915,4000000,1000000,10000000,0,0,11,5,2
1000,0,root,4,0,100,1000,544.093,0.544093,4000000,1000000,10000000,0,0,11,5,2
1000,0,root,5,0,100,1000,538.07996,0.53808,4000000,1000000,10000000,0,0,11,5,2
1000,0,root,6,0,100,1000,537.99304,0.537993,4000000,1000000,10000000,0,0,11,5,2
1000,0,root,7,0,100,1000,556.26,0.55626,4000000,1000000,10000000,0,0,11,5,2
1000,0,resume,1,0,100,1000,88.461,0.088461,0,1000000,1000000,0,0,11,5,2
1000,0,resume,2,0,100,1000,86.812,0.086812,0,1000000,1000000,0,0,11,5,2
1000,0,resume,3,0,100,1000,75.952,0.075952,0,1000000,1000000,0,0,11,5,2
1000,0,resume,4,0,100,1000,87.927,0.087927,0,1000000,1000000,0,0,11,5,2
1000,0,resume,5,0,100,1000,83.062996,0.083063,0,1000000,1000000,0,0,11,5,2
1000,0,resume,6,0,100,1000,89.292,0.089292,0,1000000,1000000,0,0,11,5,2
1000,0,resume,7,0,100,1000,82.472,0.082472,0,1000000,1000000,0,0,11,5,2
1000,0,event,1,0,100,1000,0.004,4e-06,0,0,0,0,0,11,5,2
1000,0,event,2,0,100,1000,0.004,4e-06,0,0,0,0,0,11,5,2
1000,0,event,3,0,100,1000,0.004,4e-06,0,0,0,0,0,11,5,2
1000,0,event,4,0,100,1000,0.004,4e-06,0,0,0,0,0,11,5,2
1000,0,event,5,0,100,1000,0.004,4e-06,0,0,0,0,0,11,5,2
1000,0,event,6,0,100,1000,0.004,4e-06,0,0,0,0,0,11,5,2
1000,0,event,7,0,100,1000,0.004,4e-06,0,0,0,0,0,11,5,2
1000,0,state_machine,1,0,100,1000,0.003,3e-06,0,0,0,0,0,11,5,2
1000,0,state_machine,2,0,100,1000,0.002,2e-06,0,0,0,0,0,11,5,2
1000,0,state_machine,3,0,100,1000,0.002,2e-06,0,0,0,0,0,11,5,2
1000,0,state_machine,4,0,100,1000,0.002,2e-06,0,0,0,0,0,11,5,2
1000,0,state_machine,5,0,100,1000,0.003,3e-06,0,0,0,0,0,11,5,2
1000,0,state_machine,6,0,100,1000,0.002,2e-06,0,0,0,0,0,11,5,2
1000,0,state_machine,7,0,100,1000,0.002,2e-06,0,0,0,0,0,11,5,2
1000,1,root,1,10,100,1000,535.666,0.535666,4000000,1000000,10000000,10,55000,11,5,2
1000,1,root,2,10,100,1000,538.235,0.538235,4000000,1000000,10000000,10,55000,11,5,2
1000,1,root,3,10,100,1000,565.29,0.56529,4000000,1000000,10000000,10,55000,11,5,2
1000,1,root,4,10,100,1000,542.406,0.542406,4000000,1000000,10000000,10,55000,11,5,2
1000,1,root,5,10,100,1000,540.842,0.540842,4000000,1000000,10000000,10,55000,11,5,2
1000,1,root,6,10,100,1000,540.194,0.540194,4000000,1000000,10000000,10,55000,11,5,2
1000,1,root,7,10,100,1000,547.83795,0.547838,4000000,1000000,10000000,10,55000,11,5,2
1000,1,resume,1,10,100,1000,81.508,0.081508,0,1000000,1000000,10,55000,11,5,2
1000,1,resume,2,10,100,1000,88.343,0.088343,0,1000000,1000000,10,55000,11,5,2
1000,1,resume,3,10,100,1000,83.989,0.083989,0,1000000,1000000,10,55000,11,5,2
1000,1,resume,4,10,100,1000,89.602,0.089602,0,1000000,1000000,10,55000,11,5,2
1000,1,resume,5,10,100,1000,85.7,0.0857,0,1000000,1000000,10,55000,11,5,2
1000,1,resume,6,10,100,1000,86.397995,0.086398,0,1000000,1000000,10,55000,11,5,2
1000,1,resume,7,10,100,1000,76.727005,0.076727,0,1000000,1000000,10,55000,11,5,2
1000,1,event,1,10,100,1000,0.508,0.000508,0,10000,10000,10,55000,11,5,2
1000,1,event,2,10,100,1000,0.494,0.000494,0,10000,10000,10,55000,11,5,2
1000,1,event,3,10,100,1000,0.49499997,0.000495,0,10000,10000,10,55000,11,5,2
1000,1,event,4,10,100,1000,0.50299996,0.000503,0,10000,10000,10,55000,11,5,2
1000,1,event,5,10,100,1000,0.497,0.000497,0,10000,10000,10,55000,11,5,2
1000,1,event,6,10,100,1000,0.48799998,0.00048799996,0,10000,10000,10,55000,11,5,2
1000,1,event,7,10,100,1000,0.521,0.000521,0,10000,10000,10,55000,11,5,2
1000,1,state_machine,1,10,100,1000,0.084,8.4e-05,0,10000,0,10,55000,11,5,2
1000,1,state_machine,2,10,100,1000,0.09,9e-05,0,10000,0,10,55000,11,5,2
1000,1,state_machine,3,10,100,1000,0.085,8.5e-05,0,10000,0,10,55000,11,5,2
1000,1,state_machine,4,10,100,1000,0.08,8e-05,0,10000,0,10,55000,11,5,2
1000,1,state_machine,5,10,100,1000,0.088,8.8e-05,0,10000,0,10,55000,11,5,2
1000,1,state_machine,6,10,100,1000,0.085,8.5e-05,0,10000,0,10,55000,11,5,2
1000,1,state_machine,7,10,100,1000,0.09,9e-05,0,10000,0,10,55000,11,5,2
1000,10,root,1,100,100,1000,541.674,0.541674,4000000,1000000,10000000,100,5050000,11,5,2
1000,10,root,2,100,100,1000,542.319,0.54231894,4000000,1000000,10000000,100,5050000,11,5,2
1000,10,root,3,100,100,1000,546.35297,0.546353,4000000,1000000,10000000,100,5050000,11,5,2
1000,10,root,4,100,100,1000,560.908,0.560908,4000000,1000000,10000000,100,5050000,11,5,2
1000,10,root,5,100,100,1000,541.167,0.541167,4000000,1000000,10000000,100,5050000,11,5,2
1000,10,root,6,100,100,1000,549.36395,0.549364,4000000,1000000,10000000,100,5050000,11,5,2
1000,10,root,7,100,100,1000,545.675,0.545675,4000000,1000000,10000000,100,5050000,11,5,2
1000,10,resume,1,100,100,1000,79.08,0.07908,0,1000000,1000000,100,5050000,11,5,2
1000,10,resume,2,100,100,1000,88.007,0.088007,0,1000000,1000000,100,5050000,11,5,2
1000,10,resume,3,100,100,1000,86.827,0.086827,0,1000000,1000000,100,5050000,11,5,2
1000,10,resume,4,100,100,1000,74.288,0.074288,0,1000000,1000000,100,5050000,11,5,2
1000,10,resume,5,100,100,1000,91.675995,0.091676,0,1000000,1000000,100,5050000,11,5,2
1000,10,resume,6,100,100,1000,81.175,0.081175,0,1000000,1000000,100,5050000,11,5,2
1000,10,resume,7,100,100,1000,87.115,0.087115,0,1000000,1000000,100,5050000,11,5,2
1000,10,event,1,100,100,1000,4.8929996,0.004893,0,100000,100000,100,5050000,11,5,2
1000,10,event,2,100,100,1000,4.7590003,0.004759,0,100000,100000,100,5050000,11,5,2
1000,10,event,3,100,100,1000,4.827,0.004827,0,100000,100000,100,5050000,11,5,2
1000,10,event,4,100,100,1000,4.761,0.004761,0,100000,100000,100,5050000,11,5,2
1000,10,event,5,100,100,1000,4.8199997,0.00482,0,100000,100000,100,5050000,11,5,2
1000,10,event,6,100,100,1000,4.864,0.004864,0,100000,100000,100,5050000,11,5,2
1000,10,event,7,100,100,1000,4.846,0.004846,0,100000,100000,100,5050000,11,5,2
1000,10,state_machine,1,100,100,1000,0.77099997,0.000771,0,100000,0,100,5050000,11,5,2
1000,10,state_machine,2,100,100,1000,0.825,0.000825,0,100000,0,100,5050000,11,5,2
1000,10,state_machine,3,100,100,1000,0.759,0.000759,0,100000,0,100,5050000,11,5,2
1000,10,state_machine,4,100,100,1000,0.79399997,0.000794,0,100000,0,100,5050000,11,5,2
1000,10,state_machine,5,100,100,1000,0.778,0.000778,0,100000,0,100,5050000,11,5,2
1000,10,state_machine,6,100,100,1000,0.774,0.000774,0,100000,0,100,5050000,11,5,2
1000,10,state_machine,7,100,100,1000,0.75,0.00075,0,100000,0,100,5050000,11,5,2
1000,100,root,1,1000,100,1000,541.01904,0.541019,4000000,1000000,10000000,1000,500500000,11,5,2
1000,100,root,2,1000,100,1000,570.268,0.57026803,4000000,1000000,10000000,1000,500500000,11,5,2
1000,100,root,3,1000,100,1000,544.576,0.544576,4000000,1000000,10000000,1000,500500000,11,5,2
1000,100,root,4,1000,100,1000,541.46704,0.5414671,4000000,1000000,10000000,1000,500500000,11,5,2
1000,100,root,5,1000,100,1000,542.628,0.542628,4000000,1000000,10000000,1000,500500000,11,5,2
1000,100,root,6,1000,100,1000,542.549,0.542549,4000000,1000000,10000000,1000,500500000,11,5,2
1000,100,root,7,1000,100,1000,540.749,0.540749,4000000,1000000,10000000,1000,500500000,11,5,2
1000,100,resume,1,1000,100,1000,88.225,0.088225,0,1000000,1000000,1000,500500000,11,5,2
1000,100,resume,2,1000,100,1000,86.086,0.086086,0,1000000,1000000,1000,500500000,11,5,2
1000,100,resume,3,1000,100,1000,87.693,0.087693,0,1000000,1000000,1000,500500000,11,5,2
1000,100,resume,4,1000,100,1000,87.929,0.087929,0,1000000,1000000,1000,500500000,11,5,2
1000,100,resume,5,1000,100,1000,87.785995,0.087786,0,1000000,1000000,1000,500500000,11,5,2
1000,100,resume,6,1000,100,1000,89.411995,0.089412,0,1000000,1000000,1000,500500000,11,5,2
1000,100,resume,7,1000,100,1000,89.063,0.089063,0,1000000,1000000,1000,500500000,11,5,2
1000,100,event,1,1000,100,1000,83.081,0.083081,0,1000000,1000000,1000,500500000,11,5,2
1000,100,event,2,1000,100,1000,85.619,0.085619,0,1000000,1000000,1000,500500000,11,5,2
1000,100,event,3,1000,100,1000,84.957,0.084957,0,1000000,1000000,1000,500500000,11,5,2
1000,100,event,4,1000,100,1000,92.843,0.092843,0,1000000,1000000,1000,500500000,11,5,2
1000,100,event,5,1000,100,1000,94.057,0.094057,0,1000000,1000000,1000,500500000,11,5,2
1000,100,event,6,1000,100,1000,83.903,0.083903,0,1000000,1000000,1000,500500000,11,5,2
1000,100,event,7,1000,100,1000,85.685,0.085685,0,1000000,1000000,1000,500500000,11,5,2
1000,100,state_machine,1,1000,100,1000,8.198,0.008198,0,1000000,0,1000,500500000,11,5,2
1000,100,state_machine,2,1000,100,1000,8.417,0.008417,0,1000000,0,1000,500500000,11,5,2
1000,100,state_machine,3,1000,100,1000,8.608999,0.008609,0,1000000,0,1000,500500000,11,5,2
1000,100,state_machine,4,1000,100,1000,8.315,0.008315,0,1000000,0,1000,500500000,11,5,2
1000,100,state_machine,5,1000,100,1000,8.867999,0.008868,0,1000000,0,1000,500500000,11,5,2
1000,100,state_machine,6,1000,100,1000,8.959,0.008959,0,1000000,0,1000,500500000,11,5,2
1000,100,state_machine,7,1000,100,1000,8.762,0.008762,0,1000000,0,1000,500500000,11,5,2
10000,0,root,1,0,10,100,586.73,5.8673,4000000,1000000,10000000,0,0,11,5,2
10000,0,root,2,0,10,100,658.482,6.58482,4000000,1000000,10000000,0,0,11,5,2
10000,0,root,3,0,10,100,660.17596,6.6017594,4000000,1000000,10000000,0,0,11,5,2
10000,0,root,4,0,10,100,651.80896,6.51809,4000000,1000000,10000000,0,0,11,5,2
10000,0,root,5,0,10,100,642.347,6.42347,4000000,1000000,10000000,0,0,11,5,2
10000,0,root,6,0,10,100,591.519,5.9151897,4000000,1000000,10000000,0,0,11,5,2
10000,0,root,7,0,10,100,618.91003,6.1891003,4000000,1000000,10000000,0,0,11,5,2
10000,0,resume,1,0,10,100,134.446,1.34446,0,1000000,1000000,0,0,11,5,2
10000,0,resume,2,0,10,100,136.617,1.36617,0,1000000,1000000,0,0,11,5,2
10000,0,resume,3,0,10,100,108.096,1.08096,0,1000000,1000000,0,0,11,5,2
10000,0,resume,4,0,10,100,112.717,1.1271701,0,1000000,1000000,0,0,11,5,2
10000,0,resume,5,0,10,100,115.877,1.15877,0,1000000,1000000,0,0,11,5,2
10000,0,resume,6,0,10,100,127.158005,1.2715801,0,1000000,1000000,0,0,11,5,2
10000,0,resume,7,0,10,100,118.690994,1.1869099,0,1000000,1000000,0,0,11,5,2
10000,0,event,1,0,10,100,0.001,1.0000001e-05,0,0,0,0,0,11,5,2
10000,0,event,2,0,10,100,0.001,1.0000001e-05,0,0,0,0,0,11,5,2
10000,0,event,3,0,10,100,0.0,0.0,0,0,0,0,0,11,5,2
10000,0,event,4,0,10,100,0.001,1.0000001e-05,0,0,0,0,0,11,5,2
10000,0,event,5,0,10,100,0.0,0.0,0,0,0,0,0,11,5,2
10000,0,event,6,0,10,100,0.001,1.0000001e-05,0,0,0,0,0,11,5,2
10000,0,event,7,0,10,100,0.001,1.0000001e-05,0,0,0,0,0,11,5,2
10000,0,state_machine,1,0,10,100,0.001,1.0000001e-05,0,0,0,0,0,11,5,2
10000,0,state_machine,2,0,10,100,0.0,0.0,0,0,0,0,0,11,5,2
10000,0,state_machine,3,0,10,100,0.0,0.0,0,0,0,0,0,11,5,2
10000,0,state_machine,4,0,10,100,0.001,1.0000001e-05,0,0,0,0,0,11,5,2
10000,0,state_machine,5,0,10,100,0.0,0.0,0,0,0,0,0,11,5,2
10000,0,state_machine,6,0,10,100,0.001,1.0000001e-05,0,0,0,0,0,11,5,2
10000,0,state_machine,7,0,10,100,0.0,0.0,0,0,0,0,0,11,5,2
10000,1,root,1,100,10,100,631.909,6.31909,4000000,1000000,10000000,100,505000,11,5,2
10000,1,root,2,100,10,100,682.585,6.82585,4000000,1000000,10000000,100,505000,11,5,2
10000,1,root,3,100,10,100,592.065,5.92065,4000000,1000000,10000000,100,505000,11,5,2
10000,1,root,4,100,10,100,684.469,6.84469,4000000,1000000,10000000,100,505000,11,5,2
10000,1,root,5,100,10,100,658.258,6.58258,4000000,1000000,10000000,100,505000,11,5,2
10000,1,root,6,100,10,100,705.109,7.0510902,4000000,1000000,10000000,100,505000,11,5,2
10000,1,root,7,100,10,100,660.025,6.6002502,4000000,1000000,10000000,100,505000,11,5,2
10000,1,resume,1,100,10,100,116.112,1.1611199,0,1000000,1000000,100,505000,11,5,2
10000,1,resume,2,100,10,100,112.722,1.12722,0,1000000,1000000,100,505000,11,5,2
10000,1,resume,3,100,10,100,105.571,1.05571,0,1000000,1000000,100,505000,11,5,2
10000,1,resume,4,100,10,100,109.577995,1.0957799,0,1000000,1000000,100,505000,11,5,2
10000,1,resume,5,100,10,100,100.423996,1.0042399,0,1000000,1000000,100,505000,11,5,2
10000,1,resume,6,100,10,100,107.533,1.07533,0,1000000,1000000,100,505000,11,5,2
10000,1,resume,7,100,10,100,108.772,1.08772,0,1000000,1000000,100,505000,11,5,2
10000,1,event,1,100,10,100,0.484,0.00484,0,10000,10000,100,505000,11,5,2
10000,1,event,2,100,10,100,0.504,0.00504,0,10000,10000,100,505000,11,5,2
10000,1,event,3,100,10,100,0.497,0.00497,0,10000,10000,100,505000,11,5,2
10000,1,event,4,100,10,100,0.527,0.00527,0,10000,10000,100,505000,11,5,2
10000,1,event,5,100,10,100,0.46800002,0.0046800002,0,10000,10000,100,505000,11,5,2
10000,1,event,6,100,10,100,0.46199998,0.00462,0,10000,10000,100,505000,11,5,2
10000,1,event,7,100,10,100,0.48499998,0.0048499997,0,10000,10000,100,505000,11,5,2
10000,1,state_machine,1,100,10,100,0.082,0.00082,0,10000,0,100,505000,11,5,2
10000,1,state_machine,2,100,10,100,0.077999994,0.00077999994,0,10000,0,100,505000,11,5,2
10000,1,state_machine,3,100,10,100,0.078999996,0.00078999996,0,10000,0,100,505000,11,5,2
10000,1,state_machine,4,100,10,100,0.077999994,0.00077999994,0,10000,0,100,505000,11,5,2
10000,1,state_machine,5,100,10,100,0.077999994,0.00077999994,0,10000,0,100,505000,11,5,2
10000,1,state_machine,6,100,10,100,0.075,0.00075,0,10000,0,100,505000,11,5,2
10000,1,state_machine,7,100,10,100,0.078999996,0.00078999996,0,10000,0,100,505000,11,5,2
10000,10,root,1,1000,10,100,581.308,5.81308,4000000,1000000,10000000,1000,50050000,11,5,2
10000,10,root,2,1000,10,100,602.484,6.02484,4000000,1000000,10000000,1000,50050000,11,5,2
10000,10,root,3,1000,10,100,585.541,5.85541,4000000,1000000,10000000,1000,50050000,11,5,2
10000,10,root,4,1000,10,100,587.944,5.87944,4000000,1000000,10000000,1000,50050000,11,5,2
10000,10,root,5,1000,10,100,575.20996,5.7520995,4000000,1000000,10000000,1000,50050000,11,5,2
10000,10,root,6,1000,10,100,682.804,6.82804,4000000,1000000,10000000,1000,50050000,11,5,2
10000,10,root,7,1000,10,100,591.47003,5.9147005,4000000,1000000,10000000,1000,50050000,11,5,2
10000,10,resume,1,1000,10,100,169.554,1.69554,0,1000000,1000000,1000,50050000,11,5,2
10000,10,resume,2,1000,10,100,124.83199,1.24832,0,1000000,1000000,1000,50050000,11,5,2
10000,10,resume,3,1000,10,100,105.058,1.05058,0,1000000,1000000,1000,50050000,11,5,2
10000,10,resume,4,1000,10,100,151.256,1.51256,0,1000000,1000000,1000,50050000,11,5,2
10000,10,resume,5,1000,10,100,101.076,1.01076,0,1000000,1000000,1000,50050000,11,5,2
10000,10,resume,6,1000,10,100,115.31,1.1531,0,1000000,1000000,1000,50050000,11,5,2
10000,10,resume,7,1000,10,100,111.204994,1.1120499,0,1000000,1000000,1000,50050000,11,5,2
10000,10,event,1,1000,10,100,8.972,0.08972,0,100000,100000,1000,50050000,11,5,2
10000,10,event,2,1000,10,100,8.669,0.086689994,0,100000,100000,1000,50050000,11,5,2
10000,10,event,3,1000,10,100,9.531,0.09531,0,100000,100000,1000,50050000,11,5,2
10000,10,event,4,1000,10,100,8.79,0.0879,0,100000,100000,1000,50050000,11,5,2
10000,10,event,5,1000,10,100,9.164,0.091639996,0,100000,100000,1000,50050000,11,5,2
10000,10,event,6,1000,10,100,8.843,0.08843,0,100000,100000,1000,50050000,11,5,2
10000,10,event,7,1000,10,100,9.773,0.097729996,0,100000,100000,1000,50050000,11,5,2
10000,10,state_machine,1,1000,10,100,1.054,0.01054,0,100000,0,1000,50050000,11,5,2
10000,10,state_machine,2,1000,10,100,0.82100004,0.008210001,0,100000,0,1000,50050000,11,5,2
10000,10,state_machine,3,1000,10,100,0.841,0.00841,0,100000,0,1000,50050000,11,5,2
10000,10,state_machine,4,1000,10,100,0.839,0.00839,0,100000,0,1000,50050000,11,5,2
10000,10,state_machine,5,1000,10,100,0.813,0.00813,0,100000,0,1000,50050000,11,5,2
10000,10,state_machine,6,1000,10,100,0.831,0.0083099995,0,100000,0,1000,50050000,11,5,2
10000,10,state_machine,7,1000,10,100,0.813,0.00813,0,100000,0,1000,50050000,11,5,2
10000,100,root,1,10000,10,100,758.388,7.58388,4000000,1000000,10000000,10000,5000500000,11,5,2
10000,100,root,2,10000,10,100,732.682,7.32682,4000000,1000000,10000000,10000,5000500000,11,5,2
10000,100,root,3,10000,10,100,664.151,6.64151,4000000,1000000,10000000,10000,5000500000,11,5,2
10000,100,root,4,10000,10,100,681.636,6.81636,4000000,1000000,10000000,10000,5000500000,11,5,2
10000,100,root,5,10000,10,100,607.969,6.07969,4000000,1000000,10000000,10000,5000500000,11,5,2
10000,100,root,6,10000,10,100,601.711,6.01711,4000000,1000000,10000000,10000,5000500000,11,5,2
10000,100,root,7,10000,10,100,609.195,6.09195,4000000,1000000,10000000,10000,5000500000,11,5,2
10000,100,resume,1,10000,10,100,128.242,1.28242,0,1000000,1000000,10000,5000500000,11,5,2
10000,100,resume,2,10000,10,100,114.904,1.14904,0,1000000,1000000,10000,5000500000,11,5,2
10000,100,resume,3,10000,10,100,124.093,1.2409301,0,1000000,1000000,10000,5000500000,11,5,2
10000,100,resume,4,10000,10,100,115.988,1.15988,0,1000000,1000000,10000,5000500000,11,5,2
10000,100,resume,5,10000,10,100,124.947,1.24947,0,1000000,1000000,10000,5000500000,11,5,2
10000,100,resume,6,10000,10,100,116.777,1.16777,0,1000000,1000000,10000,5000500000,11,5,2
10000,100,resume,7,10000,10,100,119.994995,1.19995,0,1000000,1000000,10000,5000500000,11,5,2
10000,100,event,1,10000,10,100,113.06,1.1306,0,1000000,1000000,10000,5000500000,11,5,2
10000,100,event,2,10000,10,100,110.648994,1.1064899,0,1000000,1000000,10000,5000500000,11,5,2
10000,100,event,3,10000,10,100,120.925,1.20925,0,1000000,1000000,10000,5000500000,11,5,2
10000,100,event,4,10000,10,100,125.09599,1.2509599,0,1000000,1000000,10000,5000500000,11,5,2
10000,100,event,5,10000,10,100,116.851006,1.1685101,0,1000000,1000000,10000,5000500000,11,5,2
10000,100,event,6,10000,10,100,117.055,1.17055,0,1000000,1000000,10000,5000500000,11,5,2
10000,100,event,7,10000,10,100,114.674,1.1467401,0,1000000,1000000,10000,5000500000,11,5,2
10000,100,state_machine,1,10000,10,100,14.738,0.14738,0,1000000,0,10000,5000500000,11,5,2
10000,100,state_machine,2,10000,10,100,15.007999,0.15008,0,1000000,0,10000,5000500000,11,5,2
10000,100,state_machine,3,10000,10,100,14.742,0.14741999,0,1000000,0,10000,5000500000,11,5,2
10000,100,state_machine,4,10000,10,100,15.095,0.15095,0,1000000,0,10000,5000500000,11,5,2
10000,100,state_machine,5,10000,10,100,15.348001,0.15348001,0,1000000,0,10000,5000500000,11,5,2
10000,100,state_machine,6,10000,10,100,14.808,0.14807999,0,1000000,0,10000,5000500000,11,5,2
10000,100,state_machine,7,10000,10,100,14.827,0.14827,0,1000000,0,10000,5000500000,11,5,2
100000,0,root,1,0,1,10,768.13,76.813,4000000,1000000,10000000,0,0,11,5,2
100000,0,root,2,0,1,10,788.911,78.8911,4000000,1000000,10000000,0,0,11,5,2
100000,0,root,3,0,1,10,851.109,85.1109,4000000,1000000,10000000,0,0,11,5,2
100000,0,root,4,0,1,10,776.64,77.664,4000000,1000000,10000000,0,0,11,5,2
100000,0,root,5,0,1,10,762.522,76.2522,4000000,1000000,10000000,0,0,11,5,2
100000,0,root,6,0,1,10,767.67,76.767,4000000,1000000,10000000,0,0,11,5,2
100000,0,root,7,0,1,10,896.725,89.6725,4000000,1000000,10000000,0,0,11,5,2
100000,0,resume,1,0,1,10,217.842,21.784199,0,1000000,1000000,0,0,11,5,2
100000,0,resume,2,0,1,10,224.11899,22.4119,0,1000000,1000000,0,0,11,5,2
100000,0,resume,3,0,1,10,223.939,22.3939,0,1000000,1000000,0,0,11,5,2
100000,0,resume,4,0,1,10,224.96199,22.496199,0,1000000,1000000,0,0,11,5,2
100000,0,resume,5,0,1,10,226.39699,22.639698,0,1000000,1000000,0,0,11,5,2
100000,0,resume,6,0,1,10,227.356,22.7356,0,1000000,1000000,0,0,11,5,2
100000,0,resume,7,0,1,10,223.538,22.3538,0,1000000,1000000,0,0,11,5,2
100000,0,event,1,0,1,10,0.0,0.0,0,0,0,0,0,11,5,2
100000,0,event,2,0,1,10,0.0,0.0,0,0,0,0,0,11,5,2
100000,0,event,3,0,1,10,0.0,0.0,0,0,0,0,0,11,5,2
100000,0,event,4,0,1,10,0.0,0.0,0,0,0,0,0,11,5,2
100000,0,event,5,0,1,10,0.0,0.0,0,0,0,0,0,11,5,2
100000,0,event,6,0,1,10,0.0,0.0,0,0,0,0,0,11,5,2
100000,0,event,7,0,1,10,0.0,0.0,0,0,0,0,0,11,5,2
100000,0,state_machine,1,0,1,10,0.0,0.0,0,0,0,0,0,11,5,2
100000,0,state_machine,2,0,1,10,0.001,0.000100000005,0,0,0,0,0,11,5,2
100000,0,state_machine,3,0,1,10,0.001,0.000100000005,0,0,0,0,0,11,5,2
100000,0,state_machine,4,0,1,10,0.0,0.0,0,0,0,0,0,11,5,2
100000,0,state_machine,5,0,1,10,0.0,0.0,0,0,0,0,0,11,5,2
100000,0,state_machine,6,0,1,10,0.001,0.000100000005,0,0,0,0,0,11,5,2
100000,0,state_machine,7,0,1,10,0.0,0.0,0,0,0,0,0,11,5,2
100000,1,root,1,1000,1,10,862.765,86.276505,4000000,1000000,10000000,1000,5005000,11,5,2
100000,1,root,2,1000,1,10,785.089,78.508896,4000000,1000000,10000000,1000,5005000,11,5,2
100000,1,root,3,1000,1,10,809.805,80.9805,4000000,1000000,10000000,1000,5005000,11,5,2
100000,1,root,4,1000,1,10,780.62805,78.062805,4000000,1000000,10000000,1000,5005000,11,5,2
100000,1,root,5,1000,1,10,785.318,78.5318,4000000,1000000,10000000,1000,5005000,11,5,2
100000,1,root,6,1000,1,10,784.599,78.4599,4000000,1000000,10000000,1000,5005000,11,5,2
100000,1,root,7,1000,1,10,793.225,79.322495,4000000,1000000,10000000,1000,5005000,11,5,2
100000,1,resume,1,1000,1,10,243.809,24.380901,0,1000000,1000000,1000,5005000,11,5,2
100000,1,resume,2,1000,1,10,232.623,23.2623,0,1000000,1000000,1000,5005000,11,5,2
100000,1,resume,3,1000,1,10,213.634,21.3634,0,1000000,1000000,1000,5005000,11,5,2
100000,1,resume,4,1000,1,10,229.89499,22.989498,0,1000000,1000000,1000,5005000,11,5,2
100000,1,resume,5,1000,1,10,237.709,23.7709,0,1000000,1000000,1000,5005000,11,5,2
100000,1,resume,6,1000,1,10,237.17099,23.717098,0,1000000,1000000,1000,5005000,11,5,2
100000,1,resume,7,1000,1,10,245.278,24.5278,0,1000000,1000000,1000,5005000,11,5,2
100000,1,event,1,1000,1,10,0.91499996,0.0915,0,10000,10000,1000,5005000,11,5,2
100000,1,event,2,1000,1,10,1.064,0.1064,0,10000,10000,1000,5005000,11,5,2
100000,1,event,3,1000,1,10,0.921,0.0921,0,10000,10000,1000,5005000,11,5,2
100000,1,event,4,1000,1,10,0.856,0.0856,0,10000,10000,1000,5005000,11,5,2
100000,1,event,5,1000,1,10,1.0489999,0.10489999,0,10000,10000,1000,5005000,11,5,2
100000,1,event,6,1000,1,10,0.98899996,0.0989,0,10000,10000,1000,5005000,11,5,2
100000,1,event,7,1000,1,10,1.018,0.1018,0,10000,10000,1000,5005000,11,5,2
100000,1,state_machine,1,1000,1,10,0.114,0.0114,0,10000,0,1000,5005000,11,5,2
100000,1,state_machine,2,1000,1,10,0.117000006,0.011700001,0,10000,0,1000,5005000,11,5,2
100000,1,state_machine,3,1000,1,10,0.108,0.0108,0,10000,0,1000,5005000,11,5,2
100000,1,state_machine,4,1000,1,10,0.113000005,0.0113,0,10000,0,1000,5005000,11,5,2
100000,1,state_machine,5,1000,1,10,0.105,0.0105,0,10000,0,1000,5005000,11,5,2
100000,1,state_machine,6,1000,1,10,0.109,0.0109,0,10000,0,1000,5005000,11,5,2
100000,1,state_machine,7,1000,1,10,0.111,0.0111,0,10000,0,1000,5005000,11,5,2
100000,10,root,1,10000,1,10,763.83,76.383,4000000,1000000,10000000,10000,500050000,11,5,2
100000,10,root,2,10000,1,10,754.99304,75.499306,4000000,1000000,10000000,10000,500050000,11,5,2
100000,10,root,3,10000,1,10,769.618,76.9618,4000000,1000000,10000000,10000,500050000,11,5,2
100000,10,root,4,10000,1,10,784.747,78.4747,4000000,1000000,10000000,10000,500050000,11,5,2
100000,10,root,5,10000,1,10,766.216,76.6216,4000000,1000000,10000000,10000,500050000,11,5,2
100000,10,root,6,10000,1,10,782.36505,78.2365,4000000,1000000,10000000,10000,500050000,11,5,2
100000,10,root,7,10000,1,10,785.643,78.5643,4000000,1000000,10000000,10000,500050000,11,5,2
100000,10,resume,1,10000,1,10,216.298,21.6298,0,1000000,1000000,10000,500050000,11,5,2
100000,10,resume,2,10000,1,10,221.433,22.1433,0,1000000,1000000,10000,500050000,11,5,2
100000,10,resume,3,10000,1,10,235.74901,23.574902,0,1000000,1000000,10000,500050000,11,5,2
100000,10,resume,4,10000,1,10,228.157,22.8157,0,1000000,1000000,10000,500050000,11,5,2
100000,10,resume,5,10000,1,10,219.362,21.9362,0,1000000,1000000,10000,500050000,11,5,2
100000,10,resume,6,10000,1,10,227.42601,22.742601,0,1000000,1000000,10000,500050000,11,5,2
100000,10,resume,7,10000,1,10,223.184,22.318401,0,1000000,1000000,10000,500050000,11,5,2
100000,10,event,1,10000,1,10,15.06,1.506,0,100000,100000,10000,500050000,11,5,2
100000,10,event,2,10000,1,10,15.416,1.5416,0,100000,100000,10000,500050000,11,5,2
100000,10,event,3,10000,1,10,11.198,1.1198,0,100000,100000,10000,500050000,11,5,2
100000,10,event,4,10000,1,10,18.288,1.8288,0,100000,100000,10000,500050000,11,5,2
100000,10,event,5,10000,1,10,13.585,1.3585,0,100000,100000,10000,500050000,11,5,2
100000,10,event,6,10000,1,10,11.641999,1.1642,0,100000,100000,10000,500050000,11,5,2
100000,10,event,7,10000,1,10,13.845,1.3845,0,100000,100000,10000,500050000,11,5,2
100000,10,state_machine,1,10000,1,10,1.807,0.1807,0,100000,0,10000,500050000,11,5,2
100000,10,state_machine,2,10000,1,10,1.842,0.1842,0,100000,0,10000,500050000,11,5,2
100000,10,state_machine,3,10000,1,10,1.788,0.1788,0,100000,0,10000,500050000,11,5,2
100000,10,state_machine,4,10000,1,10,2.067,0.2067,0,100000,0,10000,500050000,11,5,2
100000,10,state_machine,5,10000,1,10,1.76,0.176,0,100000,0,10000,500050000,11,5,2
100000,10,state_machine,6,10000,1,10,1.849,0.1849,0,100000,0,10000,500050000,11,5,2
100000,10,state_machine,7,10000,1,10,1.8570001,0.18570001,0,100000,0,10000,500050000,11,5,2
100000,100,root,1,100000,1,10,771.893,77.1893,4000000,1000000,10000000,100000,50000500000,11,5,2
100000,100,root,2,100000,1,10,788.59,78.859,4000000,1000000,10000000,100000,50000500000,11,5,2
100000,100,root,3,100000,1,10,777.982,77.7982,4000000,1000000,10000000,100000,50000500000,11,5,2
100000,100,root,4,100000,1,10,803.738,80.373795,4000000,1000000,10000000,100000,50000500000,11,5,2
100000,100,root,5,100000,1,10,802.508,80.2508,4000000,1000000,10000000,100000,50000500000,11,5,2
100000,100,root,6,100000,1,10,766.983,76.698296,4000000,1000000,10000000,100000,50000500000,11,5,2
100000,100,root,7,100000,1,10,805.96,80.596,4000000,1000000,10000000,100000,50000500000,11,5,2
100000,100,resume,1,100000,1,10,224.504,22.4504,0,1000000,1000000,100000,50000500000,11,5,2
100000,100,resume,2,100000,1,10,240.302,24.030201,0,1000000,1000000,100000,50000500000,11,5,2
100000,100,resume,3,100000,1,10,239.93001,23.993,0,1000000,1000000,100000,50000500000,11,5,2
100000,100,resume,4,100000,1,10,239.032,23.9032,0,1000000,1000000,100000,50000500000,11,5,2
100000,100,resume,5,100000,1,10,249.498,24.9498,0,1000000,1000000,100000,50000500000,11,5,2
100000,100,resume,6,100000,1,10,242.901,24.2901,0,1000000,1000000,100000,50000500000,11,5,2
100000,100,resume,7,100000,1,10,246.106,24.6106,0,1000000,1000000,100000,50000500000,11,5,2
100000,100,event,1,100000,1,10,246.02,24.602001,0,1000000,1000000,100000,50000500000,11,5,2
100000,100,event,2,100000,1,10,242.475,24.247501,0,1000000,1000000,100000,50000500000,11,5,2
100000,100,event,3,100000,1,10,237.463,23.7463,0,1000000,1000000,100000,50000500000,11,5,2
100000,100,event,4,100000,1,10,214.93199,21.493198,0,1000000,1000000,100000,50000500000,11,5,2
100000,100,event,5,100000,1,10,218.924,21.892399,0,1000000,1000000,100000,50000500000,11,5,2
100000,100,event,6,100000,1,10,237.92299,23.7923,0,1000000,1000000,100000,50000500000,11,5,2
100000,100,event,7,100000,1,10,237.7,23.77,0,1000000,1000000,100000,50000500000,11,5,2
100000,100,state_machine,1,100000,1,10,39.182,3.9182,0,1000000,0,100000,50000500000,11,5,2
100000,100,state_machine,2,100000,1,10,56.972,5.6972,0,1000000,0,100000,50000500000,11,5,2
100000,100,state_machine,3,100000,1,10,40.564,4.0564,0,1000000,0,100000,50000500000,11,5,2
100000,100,state_machine,4,100000,1,10,45.34,4.534,0,1000000,0,100000,50000500000,11,5,2
100000,100,state_machine,5,100000,1,10,40.089,4.0089,0,1000000,0,100000,50000500000,11,5,2
100000,100,state_machine,6,100000,1,10,40.112,4.0112,0,1000000,0,100000,50000500000,11,5,2
100000,100,state_machine,7,100000,1,10,39.189,3.9189,0,1000000,0,100000,50000500000,11,5,2
