group,process,phase,family,backend,dtype,size,elements,bytes,transfer_mode,iterations,elapsed_ms,per_iteration_ms,uploads,downloads,compute_passes
types,1,construction,cpu_memory,cpu,float32,0,65536,262144,equal_cardinality,5,0.065,0.012999999,0,0,0
types,1,extraction,cpu_memory,cpu,float32,0,65536,262144,equal_cardinality,5,49.249,9.8498,0,0,0
types,1,upload,transfer,gpu,float32,0,65536,262144,equal_cardinality,5,30.079,6.0158,5,0,0
types,1,download,transfer,gpu,float32,0,65536,262144,equal_cardinality,5,17.309,3.4618,0,5,0
types,1,construction,cpu_memory,cpu,int8,0,65536,65536,equal_cardinality,5,0.105,0.021,0,0,0
types,1,extraction,cpu_memory,cpu,int8,0,65536,65536,equal_cardinality,5,63.009003,12.601801,0,0,0
types,1,upload,transfer,gpu,int8,0,65536,65536,equal_cardinality,5,43.336,8.6672,5,0,0
types,1,download,transfer,gpu,int8,0,65536,65536,equal_cardinality,5,21.95,4.3900003,0,5,0
types,1,construction,cpu_memory,cpu,uint8,0,65536,65536,equal_cardinality,5,0.18699999,0.0374,0,0,0
types,1,extraction,cpu_memory,cpu,uint8,0,65536,65536,equal_cardinality,5,57.135002,11.427,0,0,0
types,1,upload,transfer,gpu,uint8,0,65536,65536,equal_cardinality,5,50.331997,10.0664,5,0,0
types,1,download,transfer,gpu,uint8,0,65536,65536,equal_cardinality,5,16.989,3.3978,0,5,0
types,1,construction,cpu_memory,cpu,int16,0,65536,131072,equal_cardinality,5,0.067,0.0134000005,0,0,0
types,1,extraction,cpu_memory,cpu,int16,0,65536,131072,equal_cardinality,5,39.046,7.8092003,0,0,0
types,1,upload,transfer,gpu,int16,0,65536,131072,equal_cardinality,5,47.405003,9.481001,5,0,0
types,1,download,transfer,gpu,int16,0,65536,131072,equal_cardinality,5,23.34,4.668,0,5,0
types,1,construction,cpu_memory,cpu,uint16,0,65536,131072,equal_cardinality,5,0.171,0.0342,0,0,0
types,1,extraction,cpu_memory,cpu,uint16,0,65536,131072,equal_cardinality,5,56.537,11.3074,0,0,0
types,1,upload,transfer,gpu,uint16,0,65536,131072,equal_cardinality,5,39.31,7.8620005,5,0,0
types,1,download,transfer,gpu,uint16,0,65536,131072,equal_cardinality,5,19.804,3.9608002,0,5,0
types,1,construction,cpu_memory,cpu,int32,0,65536,262144,equal_cardinality,5,0.088,0.0176,0,0,0
types,1,extraction,cpu_memory,cpu,int32,0,65536,262144,equal_cardinality,5,53.494,10.6988,0,0,0
types,1,upload,transfer,gpu,int32,0,65536,262144,equal_cardinality,5,36.552998,7.3105993,5,0,0
types,1,download,transfer,gpu,int32,0,65536,262144,equal_cardinality,5,21.515001,4.3030005,0,5,0
types,1,construction,cpu_memory,cpu,uint32,0,65536,262144,equal_cardinality,5,0.229,0.0458,0,0,0
types,1,extraction,cpu_memory,cpu,uint32,0,65536,262144,equal_cardinality,5,57.537,11.5074,0,0,0
types,1,upload,transfer,gpu,uint32,0,65536,262144,equal_cardinality,5,39.189,7.8378,5,0,0
types,1,download,transfer,gpu,uint32,0,65536,262144,equal_cardinality,5,23.529001,4.7058,0,5,0
types,1,construction,cpu_memory,cpu,int64,0,65536,524288,equal_cardinality,5,0.103,0.0206,0,0,0
types,1,extraction,cpu_memory,cpu,int64,0,65536,524288,equal_cardinality,5,48.626,9.7252,0,0,0
types,1,upload,transfer,gpu,int64,0,65536,524288,equal_cardinality,5,39.999,7.9998,5,0,0
types,1,download,transfer,gpu,int64,0,65536,524288,equal_cardinality,5,26.121,5.2242002,0,5,0
types,1,construction,cpu_memory,cpu,uint64,0,65536,524288,equal_cardinality,5,0.086,0.0172,0,0,0
types,1,extraction,cpu_memory,cpu,uint64,0,65536,524288,equal_cardinality,5,63.259,12.6518,0,0,0
types,1,upload,transfer,gpu,uint64,0,65536,524288,equal_cardinality,5,47.692,9.538401,5,0,0
types,1,download,transfer,gpu,uint64,0,65536,524288,equal_cardinality,5,20.191,4.0382,0,5,0
types,1,upload,transfer,gpu,float32,0,65536,262144,equal_bytes,5,41.654,8.3308,5,0,0
types,1,download,transfer,gpu,float32,0,65536,262144,equal_bytes,5,25.172998,5.0346,0,5,0
types,1,upload,transfer,gpu,int8,0,262144,262144,equal_bytes,5,66.62,13.324,5,0,0
types,1,download,transfer,gpu,int8,0,262144,262144,equal_bytes,5,58.477,11.6954,0,5,0
types,1,upload,transfer,gpu,uint8,0,262144,262144,equal_bytes,5,68.17899,13.635798,5,0,0
types,1,download,transfer,gpu,uint8,0,262144,262144,equal_bytes,5,58.065998,11.613199,0,5,0
types,1,upload,transfer,gpu,int16,0,131072,262144,equal_bytes,5,55.641,11.1282,5,0,0
types,1,download,transfer,gpu,int16,0,131072,262144,equal_bytes,5,30.105,6.021,0,5,0
types,1,upload,transfer,gpu,uint16,0,131072,262144,equal_bytes,5,47.203,9.440599,5,0,0
types,1,download,transfer,gpu,uint16,0,131072,262144,equal_bytes,5,33.388,6.6776,0,5,0
types,1,upload,transfer,gpu,int32,0,65536,262144,equal_bytes,5,41.961,8.3921995,5,0,0
types,1,download,transfer,gpu,int32,0,65536,262144,equal_bytes,5,19.442,3.8883998,0,5,0
types,1,upload,transfer,gpu,uint32,0,65536,262144,equal_bytes,5,40.89,8.1779995,5,0,0
types,1,download,transfer,gpu,uint32,0,65536,262144,equal_bytes,5,17.931,3.5862,0,5,0
types,1,upload,transfer,gpu,int64,0,32768,262144,equal_bytes,5,49.308,9.8616,5,0,0
types,1,download,transfer,gpu,int64,0,32768,262144,equal_bytes,5,13.995,2.799,0,5,0
types,1,upload,transfer,gpu,uint64,0,32768,262144,equal_bytes,5,37.886,7.5772004,5,0,0
types,1,download,transfer,gpu,uint64,0,32768,262144,equal_bytes,5,14.565001,2.913,0,5,0
types,2,construction,cpu_memory,cpu,float32,0,65536,262144,equal_cardinality,5,0.054,0.0108,0,0,0
types,2,extraction,cpu_memory,cpu,float32,0,65536,262144,equal_cardinality,5,47.062,9.4124,0,0,0
types,2,upload,transfer,gpu,float32,0,65536,262144,equal_cardinality,5,42.765,8.5529995,5,0,0
types,2,download,transfer,gpu,float32,0,65536,262144,equal_cardinality,5,14.755,2.951,0,5,0
types,2,construction,cpu_memory,cpu,int8,0,65536,65536,equal_cardinality,5,0.157,0.031400003,0,0,0
types,2,extraction,cpu_memory,cpu,int8,0,65536,65536,equal_cardinality,5,61.04,12.208,0,0,0
types,2,upload,transfer,gpu,int8,0,65536,65536,equal_cardinality,5,41.397003,8.279401,5,0,0
types,2,download,transfer,gpu,int8,0,65536,65536,equal_cardinality,5,22.232,4.4464,0,5,0
types,2,construction,cpu_memory,cpu,uint8,0,65536,65536,equal_cardinality,5,0.068,0.013600001,0,0,0
types,2,extraction,cpu_memory,cpu,uint8,0,65536,65536,equal_cardinality,5,48.39,9.6779995,0,0,0
types,2,upload,transfer,gpu,uint8,0,65536,65536,equal_cardinality,5,39.117,7.8234,5,0,0
types,2,download,transfer,gpu,uint8,0,65536,65536,equal_cardinality,5,18.417,3.6834,0,5,0
types,2,construction,cpu_memory,cpu,int16,0,65536,131072,equal_cardinality,5,0.199,0.0398,0,0,0
types,2,extraction,cpu_memory,cpu,int16,0,65536,131072,equal_cardinality,5,64.534996,12.907,0,0,0
types,2,upload,transfer,gpu,int16,0,65536,131072,equal_cardinality,5,38.408,7.6816,5,0,0
types,2,download,transfer,gpu,int16,0,65536,131072,equal_cardinality,5,16.109001,3.2218003,0,5,0
types,2,construction,cpu_memory,cpu,uint16,0,65536,131072,equal_cardinality,5,0.142,0.0284,0,0,0
types,2,extraction,cpu_memory,cpu,uint16,0,65536,131072,equal_cardinality,5,52.510998,10.502199,0,0,0
types,2,upload,transfer,gpu,uint16,0,65536,131072,equal_cardinality,5,44.707,8.941401,5,0,0
types,2,download,transfer,gpu,uint16,0,65536,131072,equal_cardinality,5,18.394001,3.6788,0,5,0
types,2,construction,cpu_memory,cpu,int32,0,65536,262144,equal_cardinality,5,0.169,0.0338,0,0,0
types,2,extraction,cpu_memory,cpu,int32,0,65536,262144,equal_cardinality,5,47.107998,9.421599,0,0,0
types,2,upload,transfer,gpu,int32,0,65536,262144,equal_cardinality,5,40.648,8.1296,5,0,0
types,2,download,transfer,gpu,int32,0,65536,262144,equal_cardinality,5,20.689,4.1377997,0,5,0
types,2,construction,cpu_memory,cpu,uint32,0,65536,262144,equal_cardinality,5,0.078999996,0.0158,0,0,0
types,2,extraction,cpu_memory,cpu,uint32,0,65536,262144,equal_cardinality,5,42.406002,8.4812,0,0,0
types,2,upload,transfer,gpu,uint32,0,65536,262144,equal_cardinality,5,29.795,5.959,5,0,0
types,2,download,transfer,gpu,uint32,0,65536,262144,equal_cardinality,5,16.348001,3.2696004,0,5,0
types,2,construction,cpu_memory,cpu,int64,0,65536,524288,equal_cardinality,5,0.100999996,0.0202,0,0,0
types,2,extraction,cpu_memory,cpu,int64,0,65536,524288,equal_cardinality,5,46.664,9.3328,0,0,0
types,2,upload,transfer,gpu,int64,0,65536,524288,equal_cardinality,5,33.059998,6.6119995,5,0,0
types,2,download,transfer,gpu,int64,0,65536,524288,equal_cardinality,5,26.84,5.368,0,5,0
types,2,construction,cpu_memory,cpu,uint64,0,65536,524288,equal_cardinality,5,0.056,0.0112000005,0,0,0
types,2,extraction,cpu_memory,cpu,uint64,0,65536,524288,equal_cardinality,5,67.253,13.4506,0,0,0
types,2,upload,transfer,gpu,uint64,0,65536,524288,equal_cardinality,5,40.307,8.061399,5,0,0
types,2,download,transfer,gpu,uint64,0,65536,524288,equal_cardinality,5,16.17,3.234,0,5,0
types,2,upload,transfer,gpu,float32,0,65536,262144,equal_bytes,5,40.333,8.0666,5,0,0
types,2,download,transfer,gpu,float32,0,65536,262144,equal_bytes,5,17.092001,3.4184003,0,5,0
types,2,upload,transfer,gpu,int8,0,262144,262144,equal_bytes,5,48.477,9.6954,5,0,0
types,2,download,transfer,gpu,int8,0,262144,262144,equal_bytes,5,51.381,10.2762,0,5,0
types,2,upload,transfer,gpu,uint8,0,262144,262144,equal_bytes,5,54.121,10.8242,5,0,0
types,2,download,transfer,gpu,uint8,0,262144,262144,equal_bytes,5,58.63,11.726,0,5,0
types,2,upload,transfer,gpu,int16,0,131072,262144,equal_bytes,5,53.137,10.6274,5,0,0
types,2,download,transfer,gpu,int16,0,131072,262144,equal_bytes,5,31.259,6.2518,0,5,0
types,2,upload,transfer,gpu,uint16,0,131072,262144,equal_bytes,5,42.975998,8.5952,5,0,0
types,2,download,transfer,gpu,uint16,0,131072,262144,equal_bytes,5,29.687,5.9374,0,5,0
types,2,upload,transfer,gpu,int32,0,65536,262144,equal_bytes,5,30.176,6.0352,5,0,0
types,2,download,transfer,gpu,int32,0,65536,262144,equal_bytes,5,17.848,3.5695999,0,5,0
types,2,upload,transfer,gpu,uint32,0,65536,262144,equal_bytes,5,35.202,7.0404,5,0,0
types,2,download,transfer,gpu,uint32,0,65536,262144,equal_bytes,5,14.252,2.8504,0,5,0
types,2,upload,transfer,gpu,int64,0,32768,262144,equal_bytes,5,30.221,6.0442,5,0,0
types,2,download,transfer,gpu,int64,0,32768,262144,equal_bytes,5,14.203,2.8406,0,5,0
types,2,upload,transfer,gpu,uint64,0,32768,262144,equal_bytes,5,27.414,5.4828,5,0,0
types,2,download,transfer,gpu,uint64,0,32768,262144,equal_bytes,5,11.839,2.3678,0,5,0
types,3,construction,cpu_memory,cpu,float32,0,65536,262144,equal_cardinality,5,0.057,0.0114,0,0,0
types,3,extraction,cpu_memory,cpu,float32,0,65536,262144,equal_cardinality,5,41.649,8.3298,0,0,0
types,3,upload,transfer,gpu,float32,0,65536,262144,equal_cardinality,5,32.309,6.4617996,5,0,0
types,3,download,transfer,gpu,float32,0,65536,262144,equal_cardinality,5,18.448,3.6896,0,5,0
types,3,construction,cpu_memory,cpu,int8,0,65536,65536,equal_cardinality,5,0.19999999,0.04,0,0,0
types,3,extraction,cpu_memory,cpu,int8,0,65536,65536,equal_cardinality,5,50.869,10.1737995,0,0,0
types,3,upload,transfer,gpu,int8,0,65536,65536,equal_cardinality,5,27.130001,5.426,5,0,0
types,3,download,transfer,gpu,int8,0,65536,65536,equal_cardinality,5,18.529,3.7057998,0,5,0
types,3,construction,cpu_memory,cpu,uint8,0,65536,65536,equal_cardinality,5,0.065,0.012999999,0,0,0
types,3,extraction,cpu_memory,cpu,uint8,0,65536,65536,equal_cardinality,5,47.808,9.5616,0,0,0
types,3,upload,transfer,gpu,uint8,0,65536,65536,equal_cardinality,5,32.263,6.4526,5,0,0
types,3,download,transfer,gpu,uint8,0,65536,65536,equal_cardinality,5,12.744,2.5488,0,5,0
types,3,construction,cpu_memory,cpu,int16,0,65536,131072,equal_cardinality,5,0.164,0.0328,0,0,0
types,3,extraction,cpu_memory,cpu,int16,0,65536,131072,equal_cardinality,5,50.709003,10.141801,0,0,0
types,3,upload,transfer,gpu,int16,0,65536,131072,equal_cardinality,5,42.704002,8.5408,5,0,0
types,3,download,transfer,gpu,int16,0,65536,131072,equal_cardinality,5,17.838,3.5675998,0,5,0
types,3,construction,cpu_memory,cpu,uint16,0,65536,131072,equal_cardinality,5,0.071,0.0142,0,0,0
types,3,extraction,cpu_memory,cpu,uint16,0,65536,131072,equal_cardinality,5,51.316,10.263201,0,0,0
types,3,upload,transfer,gpu,uint16,0,65536,131072,equal_cardinality,5,48.945,9.789,5,0,0
types,3,download,transfer,gpu,uint16,0,65536,131072,equal_cardinality,5,21.351,4.2702,0,5,0
types,3,construction,cpu_memory,cpu,int32,0,65536,262144,equal_cardinality,5,0.067,0.0134000005,0,0,0
types,3,extraction,cpu_memory,cpu,int32,0,65536,262144,equal_cardinality,5,54.809998,10.962,0,0,0
types,3,upload,transfer,gpu,int32,0,65536,262144,equal_cardinality,5,46.11,9.222,5,0,0
types,3,download,transfer,gpu,int32,0,65536,262144,equal_cardinality,5,21.539999,4.3079996,0,5,0
types,3,construction,cpu_memory,cpu,uint32,0,65536,262144,equal_cardinality,5,0.138,0.0276,0,0,0
types,3,extraction,cpu_memory,cpu,uint32,0,65536,262144,equal_cardinality,5,48.696,9.7392,0,0,0
types,3,upload,transfer,gpu,uint32,0,65536,262144,equal_cardinality,5,36.034,7.2068,5,0,0
types,3,download,transfer,gpu,uint32,0,65536,262144,equal_cardinality,5,16.394001,3.2788002,0,5,0
types,3,construction,cpu_memory,cpu,int64,0,65536,524288,equal_cardinality,5,0.138,0.0276,0,0,0
types,3,extraction,cpu_memory,cpu,int64,0,65536,524288,equal_cardinality,5,47.703003,9.540601,0,0,0
types,3,upload,transfer,gpu,int64,0,65536,524288,equal_cardinality,5,51.371998,10.2744,5,0,0
types,3,download,transfer,gpu,int64,0,65536,524288,equal_cardinality,5,18.456001,3.6912003,0,5,0
types,3,construction,cpu_memory,cpu,uint64,0,65536,524288,equal_cardinality,5,0.205,0.041,0,0,0
types,3,extraction,cpu_memory,cpu,uint64,0,65536,524288,equal_cardinality,5,42.36,8.472,0,0,0
types,3,upload,transfer,gpu,uint64,0,65536,524288,equal_cardinality,5,37.821,7.5642,5,0,0
types,3,download,transfer,gpu,uint64,0,65536,524288,equal_cardinality,5,21.135,4.227,0,5,0
types,3,upload,transfer,gpu,float32,0,65536,262144,equal_bytes,5,29.946,5.9891996,5,0,0
types,3,download,transfer,gpu,float32,0,65536,262144,equal_bytes,5,16.102999,3.2205997,0,5,0
types,3,upload,transfer,gpu,int8,0,262144,262144,equal_bytes,5,55.562,11.1124,5,0,0
types,3,download,transfer,gpu,int8,0,262144,262144,equal_bytes,5,48.015,9.603,0,5,0
types,3,upload,transfer,gpu,uint8,0,262144,262144,equal_bytes,5,65.508,13.101601,5,0,0
types,3,download,transfer,gpu,uint8,0,262144,262144,equal_bytes,5,52.510002,10.502001,0,5,0
types,3,upload,transfer,gpu,int16,0,131072,262144,equal_bytes,5,41.207,8.2414,5,0,0
types,3,download,transfer,gpu,int16,0,131072,262144,equal_bytes,5,40.006,8.0012,0,5,0
types,3,upload,transfer,gpu,uint16,0,131072,262144,equal_bytes,5,45.308002,9.061601,5,0,0
types,3,download,transfer,gpu,uint16,0,131072,262144,equal_bytes,5,33.862,6.7724,0,5,0
types,3,upload,transfer,gpu,int32,0,65536,262144,equal_bytes,5,33.941,6.7882004,5,0,0
types,3,download,transfer,gpu,int32,0,65536,262144,equal_bytes,5,21.056,4.2111998,0,5,0
types,3,upload,transfer,gpu,uint32,0,65536,262144,equal_bytes,5,36.821,7.3641996,5,0,0
types,3,download,transfer,gpu,uint32,0,65536,262144,equal_bytes,5,16.894,3.3788,0,5,0
types,3,upload,transfer,gpu,int64,0,32768,262144,equal_bytes,5,28.612999,5.7226,5,0,0
types,3,download,transfer,gpu,int64,0,32768,262144,equal_bytes,5,10.294,2.0588,0,5,0
types,3,upload,transfer,gpu,uint64,0,32768,262144,equal_bytes,5,28.447,5.6894,5,0,0
types,3,download,transfer,gpu,uint64,0,32768,262144,equal_bytes,5,13.502,2.7003999,0,5,0
types,4,construction,cpu_memory,cpu,float32,0,65536,262144,equal_cardinality,5,0.243,0.0486,0,0,0
types,4,extraction,cpu_memory,cpu,float32,0,65536,262144,equal_cardinality,5,44.931,8.9862,0,0,0
types,4,upload,transfer,gpu,float32,0,65536,262144,equal_cardinality,5,36.026,7.2052,5,0,0
types,4,download,transfer,gpu,float32,0,65536,262144,equal_cardinality,5,21.767,4.3534,0,5,0
types,4,construction,cpu_memory,cpu,int8,0,65536,65536,equal_cardinality,5,0.19500001,0.039,0,0,0
types,4,extraction,cpu_memory,cpu,int8,0,65536,65536,equal_cardinality,5,57.356,11.4712,0,0,0
types,4,upload,transfer,gpu,int8,0,65536,65536,equal_cardinality,5,36.913998,7.3827996,5,0,0
types,4,download,transfer,gpu,int8,0,65536,65536,equal_cardinality,5,17.865,3.573,0,5,0
types,4,construction,cpu_memory,cpu,uint8,0,65536,65536,equal_cardinality,5,3.362,0.6724,0,0,0
types,4,extraction,cpu_memory,cpu,uint8,0,65536,65536,equal_cardinality,5,50.414,10.0828,0,0,0
types,4,upload,transfer,gpu,uint8,0,65536,65536,equal_cardinality,5,42.442,8.4884,5,0,0
types,4,download,transfer,gpu,uint8,0,65536,65536,equal_cardinality,5,19.540998,3.9081998,0,5,0
types,4,construction,cpu_memory,cpu,int16,0,65536,131072,equal_cardinality,5,0.22,0.044,0,0,0
types,4,extraction,cpu_memory,cpu,int16,0,65536,131072,equal_cardinality,5,50.521,10.1042,0,0,0
types,4,upload,transfer,gpu,int16,0,65536,131072,equal_cardinality,5,30.006,6.0012,5,0,0
types,4,download,transfer,gpu,int16,0,65536,131072,equal_cardinality,5,14.557,2.9114,0,5,0
types,4,construction,cpu_memory,cpu,uint16,0,65536,131072,equal_cardinality,5,0.060999997,0.0122,0,0,0
types,4,extraction,cpu_memory,cpu,uint16,0,65536,131072,equal_cardinality,5,51.17,10.233999,0,0,0
types,4,upload,transfer,gpu,uint16,0,65536,131072,equal_cardinality,5,38.185997,7.6371994,5,0,0
types,4,download,transfer,gpu,uint16,0,65536,131072,equal_cardinality,5,18.521,3.7042,0,5,0
types,4,construction,cpu_memory,cpu,int32,0,65536,262144,equal_cardinality,5,0.057,0.0114,0,0,0
types,4,extraction,cpu_memory,cpu,int32,0,65536,262144,equal_cardinality,5,44.474,8.8948,0,0,0
types,4,upload,transfer,gpu,int32,0,65536,262144,equal_cardinality,5,30.518,6.1036,5,0,0
types,4,download,transfer,gpu,int32,0,65536,262144,equal_cardinality,5,16.574999,3.3149998,0,5,0
types,4,construction,cpu_memory,cpu,uint32,0,65536,262144,equal_cardinality,5,0.115,0.023,0,0,0
types,4,extraction,cpu_memory,cpu,uint32,0,65536,262144,equal_cardinality,5,44.562,8.9124,0,0,0
types,4,upload,transfer,gpu,uint32,0,65536,262144,equal_cardinality,5,33.948,6.7896004,5,0,0
types,4,download,transfer,gpu,uint32,0,65536,262144,equal_cardinality,5,21.53,4.306,0,5,0
types,4,construction,cpu_memory,cpu,int64,0,65536,524288,equal_cardinality,5,0.104,0.0208,0,0,0
types,4,extraction,cpu_memory,cpu,int64,0,65536,524288,equal_cardinality,5,51.247997,10.249599,0,0,0
types,4,upload,transfer,gpu,int64,0,65536,524288,equal_cardinality,5,37.592003,7.5184007,5,0,0
types,4,download,transfer,gpu,int64,0,65536,524288,equal_cardinality,5,18.903,3.7806,0,5,0
types,4,construction,cpu_memory,cpu,uint64,0,65536,524288,equal_cardinality,5,0.071,0.0142,0,0,0
types,4,extraction,cpu_memory,cpu,uint64,0,65536,524288,equal_cardinality,5,58.674,11.7348,0,0,0
types,4,upload,transfer,gpu,uint64,0,65536,524288,equal_cardinality,5,36.894,7.3788004,5,0,0
types,4,download,transfer,gpu,uint64,0,65536,524288,equal_cardinality,5,23.783,4.7566004,0,5,0
types,4,upload,transfer,gpu,float32,0,65536,262144,equal_bytes,5,42.898,8.579599,5,0,0
types,4,download,transfer,gpu,float32,0,65536,262144,equal_bytes,5,17.841,3.5681999,0,5,0
types,4,upload,transfer,gpu,int8,0,262144,262144,equal_bytes,5,74.605,14.9210005,5,0,0
types,4,download,transfer,gpu,int8,0,262144,262144,equal_bytes,5,55.838,11.167601,0,5,0
types,4,upload,transfer,gpu,uint8,0,262144,262144,equal_bytes,5,73.65401,14.730802,5,0,0
types,4,download,transfer,gpu,uint8,0,262144,262144,equal_bytes,5,65.904,13.1807995,0,5,0
types,4,upload,transfer,gpu,int16,0,131072,262144,equal_bytes,5,57.174,11.4348,5,0,0
types,4,download,transfer,gpu,int16,0,131072,262144,equal_bytes,5,34.847,6.9694,0,5,0
types,4,upload,transfer,gpu,uint16,0,131072,262144,equal_bytes,5,62.219,12.4438,5,0,0
types,4,download,transfer,gpu,uint16,0,131072,262144,equal_bytes,5,40.328,8.065599,0,5,0
types,4,upload,transfer,gpu,int32,0,65536,262144,equal_bytes,5,34.935,6.9870005,5,0,0
types,4,download,transfer,gpu,int32,0,65536,262144,equal_bytes,5,19.942001,3.9884002,0,5,0
types,4,upload,transfer,gpu,uint32,0,65536,262144,equal_bytes,5,43.938,8.7876,5,0,0
types,4,download,transfer,gpu,uint32,0,65536,262144,equal_bytes,5,24.791,4.9582,0,5,0
types,4,upload,transfer,gpu,int64,0,32768,262144,equal_bytes,5,28.678,5.7356,5,0,0
types,4,download,transfer,gpu,int64,0,32768,262144,equal_bytes,5,11.115,2.223,0,5,0
types,4,upload,transfer,gpu,uint64,0,32768,262144,equal_bytes,5,31.729002,6.3458004,5,0,0
types,4,download,transfer,gpu,uint64,0,32768,262144,equal_bytes,5,8.047999,1.6095998,0,5,0
types,5,construction,cpu_memory,cpu,float32,0,65536,262144,equal_cardinality,5,0.15799999,0.0316,0,0,0
types,5,extraction,cpu_memory,cpu,float32,0,65536,262144,equal_cardinality,5,52.22,10.444,0,0,0
types,5,upload,transfer,gpu,float32,0,65536,262144,equal_cardinality,5,40.687,8.1374,5,0,0
types,5,download,transfer,gpu,float32,0,65536,262144,equal_cardinality,5,20.881,4.1762,0,5,0
types,5,construction,cpu_memory,cpu,int8,0,65536,65536,equal_cardinality,5,0.074,0.0148,0,0,0
types,5,extraction,cpu_memory,cpu,int8,0,65536,65536,equal_cardinality,5,54.728,10.9456005,0,0,0
types,5,upload,transfer,gpu,int8,0,65536,65536,equal_cardinality,5,40.024002,8.004801,5,0,0
types,5,download,transfer,gpu,int8,0,65536,65536,equal_cardinality,5,15.24,3.0479999,0,5,0
types,5,construction,cpu_memory,cpu,uint8,0,65536,65536,equal_cardinality,5,0.199,0.0398,0,0,0
types,5,extraction,cpu_memory,cpu,uint8,0,65536,65536,equal_cardinality,5,46.895,9.379,0,0,0
types,5,upload,transfer,gpu,uint8,0,65536,65536,equal_cardinality,5,38.443,7.6886,5,0,0
types,5,download,transfer,gpu,uint8,0,65536,65536,equal_cardinality,5,16.302,3.2604,0,5,0
types,5,construction,cpu_memory,cpu,int16,0,65536,131072,equal_cardinality,5,0.068,0.013600001,0,0,0
types,5,extraction,cpu_memory,cpu,int16,0,65536,131072,equal_cardinality,5,50.574,10.1148,0,0,0
types,5,upload,transfer,gpu,int16,0,65536,131072,equal_cardinality,5,31.810999,6.3622,5,0,0
types,5,download,transfer,gpu,int16,0,65536,131072,equal_cardinality,5,16.946,3.3891997,0,5,0
types,5,construction,cpu_memory,cpu,uint16,0,65536,131072,equal_cardinality,5,0.064,0.012800001,0,0,0
types,5,extraction,cpu_memory,cpu,uint16,0,65536,131072,equal_cardinality,5,60.109,12.0218,0,0,0
types,5,upload,transfer,gpu,uint16,0,65536,131072,equal_cardinality,5,30.173,6.0346003,5,0,0
types,5,download,transfer,gpu,uint16,0,65536,131072,equal_cardinality,5,18.274,3.6548,0,5,0
types,5,construction,cpu_memory,cpu,int32,0,65536,262144,equal_cardinality,5,0.066,0.0132,0,0,0
types,5,extraction,cpu_memory,cpu,int32,0,65536,262144,equal_cardinality,5,48.597,9.7194,0,0,0
types,5,upload,transfer,gpu,int32,0,65536,262144,equal_cardinality,5,31.079,6.2158003,5,0,0
types,5,download,transfer,gpu,int32,0,65536,262144,equal_cardinality,5,16.888,3.3776002,0,5,0
types,5,construction,cpu_memory,cpu,uint32,0,65536,262144,equal_cardinality,5,0.066,0.0132,0,0,0
types,5,extraction,cpu_memory,cpu,uint32,0,65536,262144,equal_cardinality,5,50.939003,10.1878,0,0,0
types,5,upload,transfer,gpu,uint32,0,65536,262144,equal_cardinality,5,29.542,5.9084,5,0,0
types,5,download,transfer,gpu,uint32,0,65536,262144,equal_cardinality,5,17.808,3.5616002,0,5,0
types,5,construction,cpu_memory,cpu,int64,0,65536,524288,equal_cardinality,5,0.217,0.043399997,0,0,0
types,5,extraction,cpu_memory,cpu,int64,0,65536,524288,equal_cardinality,5,56.909,11.3818,0,0,0
types,5,upload,transfer,gpu,int64,0,65536,524288,equal_cardinality,5,38.065998,7.6131997,5,0,0
types,5,download,transfer,gpu,int64,0,65536,524288,equal_cardinality,5,18.667,3.7333999,0,5,0
types,5,construction,cpu_memory,cpu,uint64,0,65536,524288,equal_cardinality,5,0.192,0.0384,0,0,0
types,5,extraction,cpu_memory,cpu,uint64,0,65536,524288,equal_cardinality,5,55.731,11.1462,0,0,0
types,5,upload,transfer,gpu,uint64,0,65536,524288,equal_cardinality,5,34.102997,6.8205996,5,0,0
types,5,download,transfer,gpu,uint64,0,65536,524288,equal_cardinality,5,24.132,4.8264,0,5,0
types,5,upload,transfer,gpu,float32,0,65536,262144,equal_bytes,5,38.206,7.6412,5,0,0
types,5,download,transfer,gpu,float32,0,65536,262144,equal_bytes,5,14.605,2.921,0,5,0
types,5,upload,transfer,gpu,int8,0,262144,262144,equal_bytes,5,53.75,10.75,5,0,0
types,5,download,transfer,gpu,int8,0,262144,262144,equal_bytes,5,57.61,11.522,0,5,0
types,5,upload,transfer,gpu,uint8,0,262144,262144,equal_bytes,5,59.645,11.929,5,0,0
types,5,download,transfer,gpu,uint8,0,262144,262144,equal_bytes,5,51.3,10.26,0,5,0
types,5,upload,transfer,gpu,int16,0,131072,262144,equal_bytes,5,37.521,7.5042,5,0,0
types,5,download,transfer,gpu,int16,0,131072,262144,equal_bytes,5,29.586,5.9172,0,5,0
types,5,upload,transfer,gpu,uint16,0,131072,262144,equal_bytes,5,47.552998,9.510599,5,0,0
types,5,download,transfer,gpu,uint16,0,131072,262144,equal_bytes,5,29.993,5.9986,0,5,0
types,5,upload,transfer,gpu,int32,0,65536,262144,equal_bytes,5,34.559998,6.9119997,5,0,0
types,5,download,transfer,gpu,int32,0,65536,262144,equal_bytes,5,23.798,4.7596,0,5,0
types,5,upload,transfer,gpu,uint32,0,65536,262144,equal_bytes,5,43.349003,8.669801,5,0,0
types,5,download,transfer,gpu,uint32,0,65536,262144,equal_bytes,5,18.747,3.7494,0,5,0
types,5,upload,transfer,gpu,int64,0,32768,262144,equal_bytes,5,36.589,7.3178,5,0,0
types,5,download,transfer,gpu,int64,0,32768,262144,equal_bytes,5,13.947,2.7893999,0,5,0
types,5,upload,transfer,gpu,uint64,0,32768,262144,equal_bytes,5,33.035,6.607,5,0,0
types,5,download,transfer,gpu,uint64,0,32768,262144,equal_bytes,5,13.314,2.6628,0,5,0
types,6,construction,cpu_memory,cpu,float32,0,65536,262144,equal_cardinality,5,0.068,0.013600001,0,0,0
types,6,extraction,cpu_memory,cpu,float32,0,65536,262144,equal_cardinality,5,47.286,9.4572,0,0,0
types,6,upload,transfer,gpu,float32,0,65536,262144,equal_cardinality,5,30.757,6.1514,5,0,0
types,6,download,transfer,gpu,float32,0,65536,262144,equal_cardinality,5,17.591,3.5182,0,5,0
types,6,construction,cpu_memory,cpu,int8,0,65536,65536,equal_cardinality,5,0.065,0.012999999,0,0,0
types,6,extraction,cpu_memory,cpu,int8,0,65536,65536,equal_cardinality,5,45.611,9.1222,0,0,0
types,6,upload,transfer,gpu,int8,0,65536,65536,equal_cardinality,5,38.635998,7.7271996,5,0,0
types,6,download,transfer,gpu,int8,0,65536,65536,equal_cardinality,5,17.484,3.4968,0,5,0
types,6,construction,cpu_memory,cpu,uint8,0,65536,65536,equal_cardinality,5,0.205,0.041,0,0,0
types,6,extraction,cpu_memory,cpu,uint8,0,65536,65536,equal_cardinality,5,49.267002,9.8534,0,0,0
types,6,upload,transfer,gpu,uint8,0,65536,65536,equal_cardinality,5,36.154,7.2307997,5,0,0
types,6,download,transfer,gpu,uint8,0,65536,65536,equal_cardinality,5,13.846,2.7691998,0,5,0
types,6,construction,cpu_memory,cpu,int16,0,65536,131072,equal_cardinality,5,0.224,0.044800002,0,0,0
types,6,extraction,cpu_memory,cpu,int16,0,65536,131072,equal_cardinality,5,51.429,10.2858,0,0,0
types,6,upload,transfer,gpu,int16,0,65536,131072,equal_cardinality,5,33.466,6.6932,5,0,0
types,6,download,transfer,gpu,int16,0,65536,131072,equal_cardinality,5,15.21,3.042,0,5,0
types,6,construction,cpu_memory,cpu,uint16,0,65536,131072,equal_cardinality,5,0.063,0.0126,0,0,0
types,6,extraction,cpu_memory,cpu,uint16,0,65536,131072,equal_cardinality,5,52.924,10.5848,0,0,0
types,6,upload,transfer,gpu,uint16,0,65536,131072,equal_cardinality,5,42.329,8.465799,5,0,0
types,6,download,transfer,gpu,uint16,0,65536,131072,equal_cardinality,5,14.103,2.8206,0,5,0
types,6,construction,cpu_memory,cpu,int32,0,65536,262144,equal_cardinality,5,0.15,0.030000001,0,0,0
types,6,extraction,cpu_memory,cpu,int32,0,65536,262144,equal_cardinality,5,56.363003,11.2726,0,0,0
types,6,upload,transfer,gpu,int32,0,65536,262144,equal_cardinality,5,34.034,6.8068,5,0,0
types,6,download,transfer,gpu,int32,0,65536,262144,equal_cardinality,5,21.38,4.276,0,5,0
types,6,construction,cpu_memory,cpu,uint32,0,65536,262144,equal_cardinality,5,0.18,0.036000002,0,0,0
types,6,extraction,cpu_memory,cpu,uint32,0,65536,262144,equal_cardinality,5,58.57,11.714,0,0,0
types,6,upload,transfer,gpu,uint32,0,65536,262144,equal_cardinality,5,46.356,9.2712,5,0,0
types,6,download,transfer,gpu,uint32,0,65536,262144,equal_cardinality,5,20.997002,4.1994004,0,5,0
types,6,construction,cpu_memory,cpu,int64,0,65536,524288,equal_cardinality,5,0.091,0.018199999,0,0,0
types,6,extraction,cpu_memory,cpu,int64,0,65536,524288,equal_cardinality,5,50.836998,10.167399,0,0,0
types,6,upload,transfer,gpu,int64,0,65536,524288,equal_cardinality,5,39.664,7.9328003,5,0,0
types,6,download,transfer,gpu,int64,0,65536,524288,equal_cardinality,5,19.492,3.8984,0,5,0
types,6,construction,cpu_memory,cpu,uint64,0,65536,524288,equal_cardinality,5,0.060999997,0.0122,0,0,0
types,6,extraction,cpu_memory,cpu,uint64,0,65536,524288,equal_cardinality,5,56.502,11.3004,0,0,0
types,6,upload,transfer,gpu,uint64,0,65536,524288,equal_cardinality,5,42.772,8.5543995,5,0,0
types,6,download,transfer,gpu,uint64,0,65536,524288,equal_cardinality,5,15.482,3.0964,0,5,0
types,6,upload,transfer,gpu,float32,0,65536,262144,equal_bytes,5,43.613003,8.722601,5,0,0
types,6,download,transfer,gpu,float32,0,65536,262144,equal_bytes,5,22.594,4.5188,0,5,0
types,6,upload,transfer,gpu,int8,0,262144,262144,equal_bytes,5,76.312996,15.262599,5,0,0
types,6,download,transfer,gpu,int8,0,262144,262144,equal_bytes,5,52.678,10.535601,0,5,0
types,6,upload,transfer,gpu,uint8,0,262144,262144,equal_bytes,5,51.288002,10.257601,5,0,0
types,6,download,transfer,gpu,uint8,0,262144,262144,equal_bytes,5,55.133,11.0266,0,5,0
types,6,upload,transfer,gpu,int16,0,131072,262144,equal_bytes,5,48.629997,9.726,5,0,0
types,6,download,transfer,gpu,int16,0,131072,262144,equal_bytes,5,32.564,6.5127997,0,5,0
types,6,upload,transfer,gpu,uint16,0,131072,262144,equal_bytes,5,56.112,11.2224,5,0,0
types,6,download,transfer,gpu,uint16,0,131072,262144,equal_bytes,5,29.169,5.8338003,0,5,0
types,6,upload,transfer,gpu,int32,0,65536,262144,equal_bytes,5,36.415,7.283,5,0,0
types,6,download,transfer,gpu,int32,0,65536,262144,equal_bytes,5,27.349,5.4698,0,5,0
types,6,upload,transfer,gpu,uint32,0,65536,262144,equal_bytes,5,43.706997,8.7414,5,0,0
types,6,download,transfer,gpu,uint32,0,65536,262144,equal_bytes,5,33.731,6.7461996,0,5,0
types,6,upload,transfer,gpu,int64,0,32768,262144,equal_bytes,5,30.577,6.1154,5,0,0
types,6,download,transfer,gpu,int64,0,32768,262144,equal_bytes,5,14.365,2.873,0,5,0
types,6,upload,transfer,gpu,uint64,0,32768,262144,equal_bytes,5,32.461,6.4922,5,0,0
types,6,download,transfer,gpu,uint64,0,32768,262144,equal_bytes,5,13.801,2.7602,0,5,0
types,7,construction,cpu_memory,cpu,float32,0,65536,262144,equal_cardinality,5,0.136,0.027200002,0,0,0
types,7,extraction,cpu_memory,cpu,float32,0,65536,262144,equal_cardinality,5,48.16,9.632,0,0,0
types,7,upload,transfer,gpu,float32,0,65536,262144,equal_cardinality,5,32.474,6.4947996,5,0,0
types,7,download,transfer,gpu,float32,0,65536,262144,equal_cardinality,5,17.272999,3.4545999,0,5,0
types,7,construction,cpu_memory,cpu,int8,0,65536,65536,equal_cardinality,5,0.118,0.0236,0,0,0
types,7,extraction,cpu_memory,cpu,int8,0,65536,65536,equal_cardinality,5,55.193,11.0386,0,0,0
types,7,upload,transfer,gpu,int8,0,65536,65536,equal_cardinality,5,35.818,7.1636,5,0,0
types,7,download,transfer,gpu,int8,0,65536,65536,equal_cardinality,5,19.497,3.8994,0,5,0
types,7,construction,cpu_memory,cpu,uint8,0,65536,65536,equal_cardinality,5,0.19500001,0.039,0,0,0
types,7,extraction,cpu_memory,cpu,uint8,0,65536,65536,equal_cardinality,5,50.918003,10.1836,0,0,0
types,7,upload,transfer,gpu,uint8,0,65536,65536,equal_cardinality,5,29.605,5.921,5,0,0
types,7,download,transfer,gpu,uint8,0,65536,65536,equal_cardinality,5,18.609001,3.7218003,0,5,0
types,7,construction,cpu_memory,cpu,int16,0,65536,131072,equal_cardinality,5,0.186,0.0372,0,0,0
types,7,extraction,cpu_memory,cpu,int16,0,65536,131072,equal_cardinality,5,55.152,11.0304,0,0,0
types,7,upload,transfer,gpu,int16,0,65536,131072,equal_cardinality,5,47.119,9.4237995,5,0,0
types,7,download,transfer,gpu,int16,0,65536,131072,equal_cardinality,5,18.676,3.7352002,0,5,0
types,7,construction,cpu_memory,cpu,uint16,0,65536,131072,equal_cardinality,5,0.054,0.0108,0,0,0
types,7,extraction,cpu_memory,cpu,uint16,0,65536,131072,equal_cardinality,5,61.406002,12.2812,0,0,0
types,7,upload,transfer,gpu,uint16,0,65536,131072,equal_cardinality,5,45.705,9.141001,5,0,0
types,7,download,transfer,gpu,uint16,0,65536,131072,equal_cardinality,5,23.015,4.6029997,0,5,0
types,7,construction,cpu_memory,cpu,int32,0,65536,262144,equal_cardinality,5,0.19399999,0.038799997,0,0,0
types,7,extraction,cpu_memory,cpu,int32,0,65536,262144,equal_cardinality,5,59.77,11.954,0,0,0
types,7,upload,transfer,gpu,int32,0,65536,262144,equal_cardinality,5,46.295,9.259,5,0,0
types,7,download,transfer,gpu,int32,0,65536,262144,equal_cardinality,5,18.465,3.693,0,5,0
types,7,construction,cpu_memory,cpu,uint32,0,65536,262144,equal_cardinality,5,0.076,0.015199999,0,0,0
types,7,extraction,cpu_memory,cpu,uint32,0,65536,262144,equal_cardinality,5,49.778,9.9556,0,0,0
types,7,upload,transfer,gpu,uint32,0,65536,262144,equal_cardinality,5,36.341,7.2682,5,0,0
types,7,download,transfer,gpu,uint32,0,65536,262144,equal_cardinality,5,15.049999,3.0099998,0,5,0
types,7,construction,cpu_memory,cpu,int64,0,65536,524288,equal_cardinality,5,0.071,0.0142,0,0,0
types,7,extraction,cpu_memory,cpu,int64,0,65536,524288,equal_cardinality,5,46.732002,9.3464,0,0,0
types,7,upload,transfer,gpu,int64,0,65536,524288,equal_cardinality,5,28.656,5.7312,5,0,0
types,7,download,transfer,gpu,int64,0,65536,524288,equal_cardinality,5,14.016,2.8032,0,5,0
types,7,construction,cpu_memory,cpu,uint64,0,65536,524288,equal_cardinality,5,0.106,0.0212,0,0,0
types,7,extraction,cpu_memory,cpu,uint64,0,65536,524288,equal_cardinality,5,54.104,10.8208,0,0,0
types,7,upload,transfer,gpu,uint64,0,65536,524288,equal_cardinality,5,35.804,7.1608,5,0,0
types,7,download,transfer,gpu,uint64,0,65536,524288,equal_cardinality,5,18.717001,3.7434,0,5,0
types,7,upload,transfer,gpu,float32,0,65536,262144,equal_bytes,5,37.078,7.4156,5,0,0
types,7,download,transfer,gpu,float32,0,65536,262144,equal_bytes,5,16.448,3.2896,0,5,0
types,7,upload,transfer,gpu,int8,0,262144,262144,equal_bytes,5,51.135,10.226999,5,0,0
types,7,download,transfer,gpu,int8,0,262144,262144,equal_bytes,5,51.552002,10.3104,0,5,0
types,7,upload,transfer,gpu,uint8,0,262144,262144,equal_bytes,5,62.605,12.521,5,0,0
types,7,download,transfer,gpu,uint8,0,262144,262144,equal_bytes,5,47.628998,9.5258,0,5,0
types,7,upload,transfer,gpu,int16,0,131072,262144,equal_bytes,5,43.248,8.6496,5,0,0
types,7,download,transfer,gpu,int16,0,131072,262144,equal_bytes,5,27.197,5.4394,0,5,0
types,7,upload,transfer,gpu,uint16,0,131072,262144,equal_bytes,5,38.013,7.6026,5,0,0
types,7,download,transfer,gpu,uint16,0,131072,262144,equal_bytes,5,26.218,5.2436,0,5,0
types,7,upload,transfer,gpu,int32,0,65536,262144,equal_bytes,5,31.573002,6.3146005,5,0,0
types,7,download,transfer,gpu,int32,0,65536,262144,equal_bytes,5,18.63,3.7259998,0,5,0
types,7,upload,transfer,gpu,uint32,0,65536,262144,equal_bytes,5,45.284,9.0568,5,0,0
types,7,download,transfer,gpu,uint32,0,65536,262144,equal_bytes,5,16.92,3.384,0,5,0
types,7,upload,transfer,gpu,int64,0,32768,262144,equal_bytes,5,21.581,4.3162,5,0,0
types,7,download,transfer,gpu,int64,0,32768,262144,equal_bytes,5,11.167,2.2333999,0,5,0
types,7,upload,transfer,gpu,uint64,0,32768,262144,equal_bytes,5,31.73,6.3459997,5,0,0
types,7,download,transfer,gpu,uint64,0,32768,262144,equal_bytes,5,9.552,1.9104,0,5,0
elementwise,1,hot,elementwise,cpu,float32,1024,1024,4096,none,10,8.703,0.8703,0,0,0
elementwise,1,cold,elementwise,gpu,float32,1024,1024,4096,none,1,5.597,5.597,0,0,1
elementwise,1,hot,elementwise,gpu,float32,1024,1024,4096,none,10,32.839,3.2839,0,0,10
elementwise,1,hot,elementwise,cpu,float32,65536,65536,262144,none,10,356.594,35.6594,0,0,0
elementwise,1,cold,elementwise,gpu,float32,65536,65536,262144,none,1,6.0109997,6.0109997,0,0,1
elementwise,1,hot,elementwise,gpu,float32,65536,65536,262144,none,10,24.379,2.4379,0,0,10
elementwise,1,hot,elementwise,cpu,float32,1048576,1048576,4194304,none,3,1732.4691,577.4897,0,0,0
elementwise,1,cold,elementwise,gpu,float32,1048576,1048576,4194304,none,1,4.08,4.08,0,0,1
elementwise,1,hot,elementwise,gpu,float32,1048576,1048576,4194304,none,3,7.2980003,2.4326668,0,0,3
elementwise,2,hot,elementwise,cpu,float32,1024,1024,4096,none,10,10.299,1.0299,0,0,0
elementwise,2,cold,elementwise,gpu,float32,1024,1024,4096,none,1,3.9479997,3.9479997,0,0,1
elementwise,2,hot,elementwise,gpu,float32,1024,1024,4096,none,10,36.266,3.6265998,0,0,10
elementwise,2,hot,elementwise,cpu,float32,65536,65536,262144,none,10,348.69598,34.8696,0,0,0
elementwise,2,cold,elementwise,gpu,float32,65536,65536,262144,none,1,3.2540002,3.2540002,0,0,1
elementwise,2,hot,elementwise,gpu,float32,65536,65536,262144,none,10,34.142,3.4141998,0,0,10
elementwise,2,hot,elementwise,cpu,float32,1048576,1048576,4194304,none,3,1840.9191,613.6397,0,0,0
elementwise,2,cold,elementwise,gpu,float32,1048576,1048576,4194304,none,1,5.5820003,5.5820003,0,0,1
elementwise,2,hot,elementwise,gpu,float32,1048576,1048576,4194304,none,3,9.914,3.3046665,0,0,3
elementwise,3,hot,elementwise,cpu,float32,1024,1024,4096,none,10,4.815,0.4815,0,0,0
elementwise,3,cold,elementwise,gpu,float32,1024,1024,4096,none,1,5.691,5.691,0,0,1
elementwise,3,hot,elementwise,gpu,float32,1024,1024,4096,none,10,32.685,3.2685,0,0,10
elementwise,3,hot,elementwise,cpu,float32,65536,65536,262144,none,10,381.88498,38.1885,0,0,0
elementwise,3,cold,elementwise,gpu,float32,65536,65536,262144,none,1,3.748,3.748,0,0,1
elementwise,3,hot,elementwise,gpu,float32,65536,65536,262144,none,10,33.932,3.3932,0,0,10
elementwise,3,hot,elementwise,cpu,float32,1048576,1048576,4194304,none,3,1650.3971,550.1324,0,0,0
elementwise,3,cold,elementwise,gpu,float32,1048576,1048576,4194304,none,1,6.573,6.573,0,0,1
elementwise,3,hot,elementwise,gpu,float32,1048576,1048576,4194304,none,3,14.73,4.91,0,0,3
elementwise,4,hot,elementwise,cpu,float32,1024,1024,4096,none,10,3.848,0.38480002,0,0,0
elementwise,4,cold,elementwise,gpu,float32,1024,1024,4096,none,1,4.313,4.313,0,0,1
elementwise,4,hot,elementwise,gpu,float32,1024,1024,4096,none,10,34.095,3.4095001,0,0,10
elementwise,4,hot,elementwise,cpu,float32,65536,65536,262144,none,10,324.725,32.4725,0,0,0
elementwise,4,cold,elementwise,gpu,float32,65536,65536,262144,none,1,2.489,2.489,0,0,1
elementwise,4,hot,elementwise,gpu,float32,65536,65536,262144,none,10,31.328001,3.1328,0,0,10
elementwise,4,hot,elementwise,cpu,float32,1048576,1048576,4194304,none,3,1646.394,548.79803,0,0,0
elementwise,4,cold,elementwise,gpu,float32,1048576,1048576,4194304,none,1,8.358,8.358,0,0,1
elementwise,4,hot,elementwise,gpu,float32,1048576,1048576,4194304,none,3,12.523,4.174333,0,0,3
elementwise,5,hot,elementwise,cpu,float32,1024,1024,4096,none,10,4.224,0.4224,0,0,0
elementwise,5,cold,elementwise,gpu,float32,1024,1024,4096,none,1,8.95,8.95,0,0,1
elementwise,5,hot,elementwise,gpu,float32,1024,1024,4096,none,10,42.099,4.2099,0,0,10
elementwise,5,hot,elementwise,cpu,float32,65536,65536,262144,none,10,335.041,33.504097,0,0,0
elementwise,5,cold,elementwise,gpu,float32,65536,65536,262144,none,1,6.137,6.137,0,0,1
elementwise,5,hot,elementwise,gpu,float32,65536,65536,262144,none,10,36.558,3.6557999,0,0,10
elementwise,5,hot,elementwise,cpu,float32,1048576,1048576,4194304,none,3,1582.1869,527.3956,0,0,0
elementwise,5,cold,elementwise,gpu,float32,1048576,1048576,4194304,none,1,4.9820004,4.9820004,0,0,1
elementwise,5,hot,elementwise,gpu,float32,1048576,1048576,4194304,none,3,13.194,4.3980002,0,0,3
elementwise,6,hot,elementwise,cpu,float32,1024,1024,4096,none,10,5.833,0.5833,0,0,0
elementwise,6,cold,elementwise,gpu,float32,1024,1024,4096,none,1,2.902,2.902,0,0,1
elementwise,6,hot,elementwise,gpu,float32,1024,1024,4096,none,10,31.197,3.1197,0,0,10
elementwise,6,hot,elementwise,cpu,float32,65536,65536,262144,none,10,328.293,32.8293,0,0,0
elementwise,6,cold,elementwise,gpu,float32,65536,65536,262144,none,1,2.812,2.812,0,0,1
elementwise,6,hot,elementwise,gpu,float32,65536,65536,262144,none,10,35.662,3.5661998,0,0,10
elementwise,6,hot,elementwise,cpu,float32,1048576,1048576,4194304,none,3,1766.4669,588.8223,0,0,0
elementwise,6,cold,elementwise,gpu,float32,1048576,1048576,4194304,none,1,8.188,8.188,0,0,1
elementwise,6,hot,elementwise,gpu,float32,1048576,1048576,4194304,none,3,8.132001,2.710667,0,0,3
elementwise,7,hot,elementwise,cpu,float32,1024,1024,4096,none,10,6.11,0.611,0,0,0
elementwise,7,cold,elementwise,gpu,float32,1024,1024,4096,none,1,5.27,5.27,0,0,1
elementwise,7,hot,elementwise,gpu,float32,1024,1024,4096,none,10,26.3,2.6299999,0,0,10
elementwise,7,hot,elementwise,cpu,float32,65536,65536,262144,none,10,354.084,35.4084,0,0,0
elementwise,7,cold,elementwise,gpu,float32,65536,65536,262144,none,1,3.647,3.647,0,0,1
elementwise,7,hot,elementwise,gpu,float32,65536,65536,262144,none,10,33.478,3.3478,0,0,10
elementwise,7,hot,elementwise,cpu,float32,1048576,1048576,4194304,none,3,1520.487,506.829,0,0,0
elementwise,7,cold,elementwise,gpu,float32,1048576,1048576,4194304,none,1,7.968,7.968,0,0,1
elementwise,7,hot,elementwise,gpu,float32,1048576,1048576,4194304,none,3,11.627,3.8756666,0,0,3
reduction,1,hot,reduction,cpu,float32,1024,1024,4096,none,10,4.2349997,0.42349997,0,0,0
reduction,1,cold,reduction,gpu,float32,1024,1024,4096,none,1,8.034,8.034,0,0,1
reduction,1,hot,reduction,gpu,float32,1024,1024,4096,none,10,35.344,3.5344002,0,0,10
reduction,1,hot,reduction,cpu,float32,65536,65536,262144,none,10,238.587,23.8587,0,0,0
reduction,1,cold,reduction,gpu,float32,65536,65536,262144,none,1,62.844997,62.844997,0,0,1
reduction,1,hot,reduction,gpu,float32,65536,65536,262144,none,10,392.29,39.229,0,0,10
reduction,1,hot,reduction,cpu,float32,1048576,1048576,4194304,none,3,1145.267,381.75565,0,0,0
reduction,1,cold,reduction,gpu,float32,1048576,1048576,4194304,none,1,469.018,469.018,0,0,1
reduction,1,hot,reduction,gpu,float32,1048576,1048576,4194304,none,3,993.65,331.21667,0,0,3
reduction,2,hot,reduction,cpu,float32,1024,1024,4096,none,10,4.5699997,0.45699996,0,0,0
reduction,2,cold,reduction,gpu,float32,1024,1024,4096,none,1,3.7789998,3.7789998,0,0,1
reduction,2,hot,reduction,gpu,float32,1024,1024,4096,none,10,42.895,4.2895,0,0,10
reduction,2,hot,reduction,cpu,float32,65536,65536,262144,none,10,240.386,24.0386,0,0,0
reduction,2,cold,reduction,gpu,float32,65536,65536,262144,none,1,61.393,61.393,0,0,1
reduction,2,hot,reduction,gpu,float32,65536,65536,262144,none,10,329.09302,32.9093,0,0,10
reduction,2,hot,reduction,cpu,float32,1048576,1048576,4194304,none,3,1076.7849,358.9283,0,0,0
reduction,2,cold,reduction,gpu,float32,1048576,1048576,4194304,none,1,305.36,305.36,0,0,1
reduction,2,hot,reduction,gpu,float32,1048576,1048576,4194304,none,3,891.159,297.053,0,0,3
reduction,3,hot,reduction,cpu,float32,1024,1024,4096,none,10,3.7,0.37,0,0,0
reduction,3,cold,reduction,gpu,float32,1024,1024,4096,none,1,12.08,12.08,0,0,1
reduction,3,hot,reduction,gpu,float32,1024,1024,4096,none,10,34.07,3.407,0,0,10
reduction,3,hot,reduction,cpu,float32,65536,65536,262144,none,10,263.44202,26.344202,0,0,0
reduction,3,cold,reduction,gpu,float32,65536,65536,262144,none,1,20.587,20.587,0,0,1
reduction,3,hot,reduction,gpu,float32,65536,65536,262144,none,10,198.495,19.849499,0,0,10
reduction,3,hot,reduction,cpu,float32,1048576,1048576,4194304,none,3,1222.464,407.488,0,0,0
reduction,3,cold,reduction,gpu,float32,1048576,1048576,4194304,none,1,293.04,293.04,0,0,1
reduction,3,hot,reduction,gpu,float32,1048576,1048576,4194304,none,3,861.148,287.04935,0,0,3
reduction,4,hot,reduction,cpu,float32,1024,1024,4096,none,10,5.795,0.5795,0,0,0
reduction,4,cold,reduction,gpu,float32,1024,1024,4096,none,1,10.343,10.343,0,0,1
reduction,4,hot,reduction,gpu,float32,1024,1024,4096,none,10,35.68,3.568,0,0,10
reduction,4,hot,reduction,cpu,float32,65536,65536,262144,none,10,243.986,24.3986,0,0,0
reduction,4,cold,reduction,gpu,float32,65536,65536,262144,none,1,20.355,20.355,0,0,1
reduction,4,hot,reduction,gpu,float32,65536,65536,262144,none,10,192.62,19.262,0,0,10
reduction,4,hot,reduction,cpu,float32,1048576,1048576,4194304,none,3,996.82495,332.275,0,0,0
reduction,4,cold,reduction,gpu,float32,1048576,1048576,4194304,none,1,283.874,283.874,0,0,1
reduction,4,hot,reduction,gpu,float32,1048576,1048576,4194304,none,3,842.156,280.71866,0,0,3
reduction,5,hot,reduction,cpu,float32,1024,1024,4096,none,10,3.452,0.3452,0,0,0
reduction,5,cold,reduction,gpu,float32,1024,1024,4096,none,1,6.058,6.058,0,0,1
reduction,5,hot,reduction,gpu,float32,1024,1024,4096,none,10,34.551,3.4550998,0,0,10
reduction,5,hot,reduction,cpu,float32,65536,65536,262144,none,10,236.93,23.692999,0,0,0
reduction,5,cold,reduction,gpu,float32,65536,65536,262144,none,1,22.566,22.566,0,0,1
reduction,5,hot,reduction,gpu,float32,65536,65536,262144,none,10,183.615,18.3615,0,0,10
reduction,5,hot,reduction,cpu,float32,1048576,1048576,4194304,none,3,1037.669,345.88965,0,0,0
reduction,5,cold,reduction,gpu,float32,1048576,1048576,4194304,none,1,284.815,284.815,0,0,1
reduction,5,hot,reduction,gpu,float32,1048576,1048576,4194304,none,3,831.099,277.033,0,0,3
reduction,6,hot,reduction,cpu,float32,1024,1024,4096,none,10,3.348,0.3348,0,0,0
reduction,6,cold,reduction,gpu,float32,1024,1024,4096,none,1,12.292001,12.292001,0,0,1
reduction,6,hot,reduction,gpu,float32,1024,1024,4096,none,10,39.742,3.9742,0,0,10
reduction,6,hot,reduction,cpu,float32,65536,65536,262144,none,10,231.189,23.1189,0,0,0
reduction,6,cold,reduction,gpu,float32,65536,65536,262144,none,1,23.23,23.23,0,0,1
reduction,6,hot,reduction,gpu,float32,65536,65536,262144,none,10,186.006,18.6006,0,0,10
reduction,6,hot,reduction,cpu,float32,1048576,1048576,4194304,none,3,1075.606,358.5353,0,0,0
reduction,6,cold,reduction,gpu,float32,1048576,1048576,4194304,none,1,291.044,291.044,0,0,1
reduction,6,hot,reduction,gpu,float32,1048576,1048576,4194304,none,3,828.278,276.09268,0,0,3
reduction,7,hot,reduction,cpu,float32,1024,1024,4096,none,10,5.914,0.5914,0,0,0
reduction,7,cold,reduction,gpu,float32,1024,1024,4096,none,1,9.8029995,9.8029995,0,0,1
reduction,7,hot,reduction,gpu,float32,1024,1024,4096,none,10,36.919003,3.6919003,0,0,10
reduction,7,hot,reduction,cpu,float32,65536,65536,262144,none,10,232.171,23.2171,0,0,0
reduction,7,cold,reduction,gpu,float32,65536,65536,262144,none,1,23.279,23.279,0,0,1
reduction,7,hot,reduction,gpu,float32,65536,65536,262144,none,10,182.417,18.241701,0,0,10
reduction,7,hot,reduction,cpu,float32,1048576,1048576,4194304,none,3,1108.074,369.358,0,0,0
reduction,7,cold,reduction,gpu,float32,1048576,1048576,4194304,none,1,284.33002,284.33002,0,0,1
reduction,7,hot,reduction,gpu,float32,1048576,1048576,4194304,none,3,831.74005,277.24667,0,0,3
matmul,1,hot,matmul,cpu,float32,32,1024,4096,none,10,85.548,8.5548,0,0,0
matmul,1,cold,matmul,gpu,float32,32,1024,4096,none,1,278.076,278.076,0,0,1
matmul,1,hot,matmul,gpu,float32,32,1024,4096,none,10,39.755,3.9755,0,0,10
matmul,1,hot,matmul,cpu,float32,128,16384,65536,none,3,2074.6108,691.5369,0,0,0
matmul,1,cold,matmul,gpu,float32,128,16384,65536,none,1,4.729,4.729,0,0,1
matmul,1,hot,matmul,gpu,float32,128,16384,65536,none,3,11.779,3.9263334,0,0,3
matmul,1,hot,matmul,cpu,float32,512,262144,1048576,none,1,47048.63,47048.63,0,0,0
matmul,1,cold,matmul,gpu,float32,512,262144,1048576,none,1,6.763,6.763,0,0,1
matmul,1,hot,matmul,gpu,float32,512,262144,1048576,none,1,4.39,4.39,0,0,1
matmul,2,hot,matmul,cpu,float32,32,1024,4096,none,10,115.441,11.5441,0,0,0
matmul,2,cold,matmul,gpu,float32,32,1024,4096,none,1,7.312,7.312,0,0,1
matmul,2,hot,matmul,gpu,float32,32,1024,4096,none,10,42.913002,4.2913003,0,0,10
matmul,2,hot,matmul,cpu,float32,128,16384,65536,none,3,2064.073,688.02435,0,0,0
matmul,2,cold,matmul,gpu,float32,128,16384,65536,none,1,10.16,10.16,0,0,1
matmul,2,hot,matmul,gpu,float32,128,16384,65536,none,3,4.933,1.6443334,0,0,3
matmul,2,hot,matmul,cpu,float32,512,262144,1048576,none,1,47513.125,47513.125,0,0,0
matmul,2,cold,matmul,gpu,float32,512,262144,1048576,none,1,8.615,8.615,0,0,1
matmul,2,hot,matmul,gpu,float32,512,262144,1048576,none,1,3.65,3.65,0,0,1
matmul,3,hot,matmul,cpu,float32,32,1024,4096,none,10,115.579,11.5579,0,0,0
matmul,3,cold,matmul,gpu,float32,32,1024,4096,none,1,4.2019997,4.2019997,0,0,1
matmul,3,hot,matmul,gpu,float32,32,1024,4096,none,10,38.679996,3.8679996,0,0,10
matmul,3,hot,matmul,cpu,float32,128,16384,65536,none,3,2232.442,744.1473,0,0,0
matmul,3,cold,matmul,gpu,float32,128,16384,65536,none,1,5.948,5.948,0,0,1
matmul,3,hot,matmul,gpu,float32,128,16384,65536,none,3,13.962,4.654,0,0,3
matmul,3,hot,matmul,cpu,float32,512,262144,1048576,none,1,46220.715,46220.715,0,0,0
matmul,3,cold,matmul,gpu,float32,512,262144,1048576,none,1,5.957,5.957,0,0,1
matmul,3,hot,matmul,gpu,float32,512,262144,1048576,none,1,5.797,5.797,0,0,1
matmul,4,hot,matmul,cpu,float32,32,1024,4096,none,10,109.289,10.9289,0,0,0
matmul,4,cold,matmul,gpu,float32,32,1024,4096,none,1,6.2409997,6.2409997,0,0,1
matmul,4,hot,matmul,gpu,float32,32,1024,4096,none,10,28.017,2.8017,0,0,10
matmul,4,hot,matmul,cpu,float32,128,16384,65536,none,3,2087.3389,695.7796,0,0,0
matmul,4,cold,matmul,gpu,float32,128,16384,65536,none,1,3.985,3.985,0,0,1
matmul,4,hot,matmul,gpu,float32,128,16384,65536,none,3,8.147,2.7156668,0,0,3
matmul,4,hot,matmul,cpu,float32,512,262144,1048576,none,1,45556.758,45556.758,0,0,0
matmul,4,cold,matmul,gpu,float32,512,262144,1048576,none,1,5.355,5.355,0,0,1
matmul,4,hot,matmul,gpu,float32,512,262144,1048576,none,1,3.3760002,3.3760002,0,0,1
matmul,5,hot,matmul,cpu,float32,32,1024,4096,none,10,123.618,12.361799,0,0,0
matmul,5,cold,matmul,gpu,float32,32,1024,4096,none,1,2.7970002,2.7970002,0,0,1
matmul,5,hot,matmul,gpu,float32,32,1024,4096,none,10,34.204,3.4204,0,0,10
matmul,5,hot,matmul,cpu,float32,128,16384,65536,none,3,2156.636,718.87866,0,0,0
matmul,5,cold,matmul,gpu,float32,128,16384,65536,none,1,4.209,4.209,0,0,1
matmul,5,hot,matmul,gpu,float32,128,16384,65536,none,3,10.172,3.3906667,0,0,3
matmul,5,hot,matmul,cpu,float32,512,262144,1048576,none,1,46114.105,46114.105,0,0,0
matmul,5,cold,matmul,gpu,float32,512,262144,1048576,none,1,10.01,10.01,0,0,1
matmul,5,hot,matmul,gpu,float32,512,262144,1048576,none,1,4.139,4.139,0,0,1
matmul,6,hot,matmul,cpu,float32,32,1024,4096,none,10,102.9,10.29,0,0,0
matmul,6,cold,matmul,gpu,float32,32,1024,4096,none,1,3.541,3.541,0,0,1
matmul,6,hot,matmul,gpu,float32,32,1024,4096,none,10,36.079002,3.6079001,0,0,10
matmul,6,hot,matmul,cpu,float32,128,16384,65536,none,3,2078.363,692.78766,0,0,0
matmul,6,cold,matmul,gpu,float32,128,16384,65536,none,1,9.757,9.757,0,0,1
matmul,6,hot,matmul,gpu,float32,128,16384,65536,none,3,16.203999,5.401333,0,0,3
matmul,6,hot,matmul,cpu,float32,512,262144,1048576,none,1,20875.428,20875.428,0,0,0
matmul,6,cold,matmul,gpu,float32,512,262144,1048576,none,1,3.003,3.003,0,0,1
matmul,6,hot,matmul,gpu,float32,512,262144,1048576,none,1,0.922,0.922,0,0,1
matmul,7,hot,matmul,cpu,float32,32,1024,4096,none,10,13.637,1.3637,0,0,0
matmul,7,cold,matmul,gpu,float32,32,1024,4096,none,1,1.4100001,1.4100001,0,0,1
matmul,7,hot,matmul,gpu,float32,32,1024,4096,none,10,9.01,0.901,0,0,10
matmul,7,hot,matmul,cpu,float32,128,16384,65536,none,3,260.084,86.69467,0,0,0
matmul,7,cold,matmul,gpu,float32,128,16384,65536,none,1,1.537,1.537,0,0,1
matmul,7,hot,matmul,gpu,float32,128,16384,65536,none,3,5.877,1.959,0,0,3
matmul,7,hot,matmul,cpu,float32,512,262144,1048576,none,1,5815.2534,5815.2534,0,0,0
matmul,7,cold,matmul,gpu,float32,512,262144,1048576,none,1,2.201,2.201,0,0,1
matmul,7,hot,matmul,gpu,float32,512,262144,1048576,none,1,2.432,2.432,0,0,1
chain,1,hot,resident_chain_5,cpu,float32,32,1024,4096,none,10,17.102,1.7102,0,0,0
chain,1,upload,resident_chain_5,gpu,float32,32,2048,8192,chain_inputs,1,3.181,3.181,2,0,0
chain,1,cold,resident_chain_5,gpu,float32,32,1024,4096,none,1,5.1679997,5.1679997,0,0,5
chain,1,hot,resident_chain_5,gpu,float32,32,1024,4096,none,10,31.918999,3.1918998,0,0,50
chain,1,download,resident_chain_5,gpu,float32,32,1,4,chain_output,1,0.20300001,0.20300001,0,1,0
chain,1,hot,resident_chain_5,cpu,float32,128,16384,65536,none,3,272.311,90.77033,0,0,0
chain,1,upload,resident_chain_5,gpu,float32,128,32768,131072,chain_inputs,1,2.946,2.946,2,0,0
chain,1,cold,resident_chain_5,gpu,float32,128,16384,65536,none,1,14.693999,14.693999,0,0,5
chain,1,hot,resident_chain_5,gpu,float32,128,16384,65536,none,3,32.795002,10.931667,0,0,15
chain,1,download,resident_chain_5,gpu,float32,128,1,4,chain_output,1,0.33,0.33,0,1,0
chain,1,hot,resident_chain_5,cpu,float32,512,262144,1048576,none,1,5931.106,5931.106,0,0,0
chain,1,upload,resident_chain_5,gpu,float32,512,524288,2097152,chain_inputs,1,8.481999,8.481999,2,0,0
chain,1,cold,resident_chain_5,gpu,float32,512,262144,1048576,none,1,126.20599,126.20599,0,0,5
chain,1,hot,resident_chain_5,gpu,float32,512,262144,1048576,none,1,123.172,123.172,0,0,5
chain,1,download,resident_chain_5,gpu,float32,512,1,4,chain_output,1,0.849,0.849,0,1,0
chain,2,hot,resident_chain_5,cpu,float32,32,1024,4096,none,10,21.679,2.1679,0,0,0
chain,2,upload,resident_chain_5,gpu,float32,32,2048,8192,chain_inputs,1,28.977999,28.977999,2,0,0
chain,2,cold,resident_chain_5,gpu,float32,32,1024,4096,none,1,14.39,14.39,0,0,5
chain,2,hot,resident_chain_5,gpu,float32,32,1024,4096,none,10,84.452,8.4452,0,0,50
chain,2,download,resident_chain_5,gpu,float32,32,1,4,chain_output,1,0.26500002,0.26500002,0,1,0
chain,2,hot,resident_chain_5,cpu,float32,128,16384,65536,none,3,275.66702,91.88901,0,0,0
chain,2,upload,resident_chain_5,gpu,float32,128,32768,131072,chain_inputs,1,5.29,5.29,2,0,0
chain,2,cold,resident_chain_5,gpu,float32,128,16384,65536,none,1,11.872,11.872,0,0,5
chain,2,hot,resident_chain_5,gpu,float32,128,16384,65536,none,3,34.333,11.444333,0,0,15
chain,2,download,resident_chain_5,gpu,float32,128,1,4,chain_output,1,0.33,0.33,0,1,0
chain,2,hot,resident_chain_5,cpu,float32,512,262144,1048576,none,1,5915.1294,5915.1294,0,0,0
chain,2,upload,resident_chain_5,gpu,float32,512,524288,2097152,chain_inputs,1,31.86,31.86,2,0,0
chain,2,cold,resident_chain_5,gpu,float32,512,262144,1048576,none,1,129.33699,129.33699,0,0,5
chain,2,hot,resident_chain_5,gpu,float32,512,262144,1048576,none,1,128.16,128.16,0,0,5
chain,2,download,resident_chain_5,gpu,float32,512,1,4,chain_output,1,0.477,0.477,0,1,0
chain,3,hot,resident_chain_5,cpu,float32,32,1024,4096,none,10,19.313,1.9312999,0,0,0
chain,3,upload,resident_chain_5,gpu,float32,32,2048,8192,chain_inputs,1,9.923,9.923,2,0,0
chain,3,cold,resident_chain_5,gpu,float32,32,1024,4096,none,1,15.587,15.587,0,0,5
chain,3,hot,resident_chain_5,gpu,float32,32,1024,4096,none,10,49.412003,4.9412003,0,0,50
chain,3,download,resident_chain_5,gpu,float32,32,1,4,chain_output,1,0.242,0.242,0,1,0
chain,3,hot,resident_chain_5,cpu,float32,128,16384,65536,none,3,270.502,90.167336,0,0,0
chain,3,upload,resident_chain_5,gpu,float32,128,32768,131072,chain_inputs,1,3.35,3.35,2,0,0
chain,3,cold,resident_chain_5,gpu,float32,128,16384,65536,none,1,13.411,13.411,0,0,5
chain,3,hot,resident_chain_5,gpu,float32,128,16384,65536,none,3,34.099003,11.366334,0,0,15
chain,3,download,resident_chain_5,gpu,float32,128,1,4,chain_output,1,0.401,0.401,0,1,0
chain,3,hot,resident_chain_5,cpu,float32,512,262144,1048576,none,1,5874.4067,5874.4067,0,0,0
chain,3,upload,resident_chain_5,gpu,float32,512,524288,2097152,chain_inputs,1,7.745,7.745,2,0,0
chain,3,cold,resident_chain_5,gpu,float32,512,262144,1048576,none,1,125.642,125.642,0,0,5
chain,3,hot,resident_chain_5,gpu,float32,512,262144,1048576,none,1,128.146,128.146,0,0,5
chain,3,download,resident_chain_5,gpu,float32,512,1,4,chain_output,1,0.363,0.363,0,1,0
chain,4,hot,resident_chain_5,cpu,float32,32,1024,4096,none,10,17.32,1.732,0,0,0
chain,4,upload,resident_chain_5,gpu,float32,32,2048,8192,chain_inputs,1,3.213,3.213,2,0,0
chain,4,cold,resident_chain_5,gpu,float32,32,1024,4096,none,1,5.87,5.87,0,0,5
chain,4,hot,resident_chain_5,gpu,float32,32,1024,4096,none,10,34.778,3.4778,0,0,50
chain,4,download,resident_chain_5,gpu,float32,32,1,4,chain_output,1,0.218,0.218,0,1,0
chain,4,hot,resident_chain_5,cpu,float32,128,16384,65536,none,3,273.87802,91.29267,0,0,0
chain,4,upload,resident_chain_5,gpu,float32,128,32768,131072,chain_inputs,1,5.975,5.975,2,0,0
chain,4,cold,resident_chain_5,gpu,float32,128,16384,65536,none,1,10.901999,10.901999,0,0,5
chain,4,hot,resident_chain_5,gpu,float32,128,16384,65536,none,3,35.676,11.891999,0,0,15
chain,4,download,resident_chain_5,gpu,float32,128,1,4,chain_output,1,0.392,0.392,0,1,0
chain,4,hot,resident_chain_5,cpu,float32,512,262144,1048576,none,1,44293.38,44293.38,0,0,0
chain,4,upload,resident_chain_5,gpu,float32,512,524288,2097152,chain_inputs,1,33.148,33.148,2,0,0
chain,4,cold,resident_chain_5,gpu,float32,512,262144,1048576,none,1,136.378,136.378,0,0,5
chain,4,hot,resident_chain_5,gpu,float32,512,262144,1048576,none,1,128.407,128.407,0,0,5
chain,4,download,resident_chain_5,gpu,float32,512,1,4,chain_output,1,0.395,0.395,0,1,0
chain,5,hot,resident_chain_5,cpu,float32,32,1024,4096,none,10,157.327,15.732699,0,0,0
chain,5,upload,resident_chain_5,gpu,float32,32,2048,8192,chain_inputs,1,24.539,24.539,2,0,0
chain,5,cold,resident_chain_5,gpu,float32,32,1024,4096,none,1,19.315,19.315,0,0,5
chain,5,hot,resident_chain_5,gpu,float32,32,1024,4096,none,10,170.70801,17.0708,0,0,50
chain,5,download,resident_chain_5,gpu,float32,32,1,4,chain_output,1,0.703,0.703,0,1,0
chain,5,hot,resident_chain_5,cpu,float32,128,16384,65536,none,3,2322.417,774.139,0,0,0
chain,5,upload,resident_chain_5,gpu,float32,128,32768,131072,chain_inputs,1,25.553,25.553,2,0,0
chain,5,cold,resident_chain_5,gpu,float32,128,16384,65536,none,1,28.991999,28.991999,0,0,5
chain,5,hot,resident_chain_5,gpu,float32,128,16384,65536,none,3,57.154,19.051332,0,0,15
chain,5,download,resident_chain_5,gpu,float32,128,1,4,chain_output,1,0.872,0.872,0,1,0
chain,5,hot,resident_chain_5,cpu,float32,512,262144,1048576,none,1,46764.44,46764.44,0,0,0
chain,5,upload,resident_chain_5,gpu,float32,512,524288,2097152,chain_inputs,1,32.895,32.895,2,0,0
chain,5,cold,resident_chain_5,gpu,float32,512,262144,1048576,none,1,134.298,134.298,0,0,5
chain,5,hot,resident_chain_5,gpu,float32,512,262144,1048576,none,1,131.21199,131.21199,0,0,5
chain,5,download,resident_chain_5,gpu,float32,512,1,4,chain_output,1,0.625,0.625,0,1,0
chain,6,hot,resident_chain_5,cpu,float32,32,1024,4096,none,10,130.622,13.0622,0,0,0
chain,6,upload,resident_chain_5,gpu,float32,32,2048,8192,chain_inputs,1,25.042,25.042,2,0,0
chain,6,cold,resident_chain_5,gpu,float32,32,1024,4096,none,1,20.377998,20.377998,0,0,5
chain,6,hot,resident_chain_5,gpu,float32,32,1024,4096,none,10,174.302,17.4302,0,0,50
chain,6,download,resident_chain_5,gpu,float32,32,1,4,chain_output,1,0.54899997,0.54899997,0,1,0
chain,6,hot,resident_chain_5,cpu,float32,128,16384,65536,none,3,2265.442,755.1473,0,0,0
chain,6,upload,resident_chain_5,gpu,float32,128,32768,131072,chain_inputs,1,20.393002,20.393002,2,0,0
chain,6,cold,resident_chain_5,gpu,float32,128,16384,65536,none,1,21.559,21.559,0,0,5
chain,6,hot,resident_chain_5,gpu,float32,128,16384,65536,none,3,53.164,17.721334,0,0,15
chain,6,download,resident_chain_5,gpu,float32,128,1,4,chain_output,1,0.583,0.583,0,1,0
chain,6,hot,resident_chain_5,cpu,float32,512,262144,1048576,none,1,46055.082,46055.082,0,0,0
chain,6,upload,resident_chain_5,gpu,float32,512,524288,2097152,chain_inputs,1,31.606998,31.606998,2,0,0
chain,6,cold,resident_chain_5,gpu,float32,512,262144,1048576,none,1,137.476,137.476,0,0,5
chain,6,hot,resident_chain_5,gpu,float32,512,262144,1048576,none,1,133.13399,133.13399,0,0,5
chain,6,download,resident_chain_5,gpu,float32,512,1,4,chain_output,1,1.104,1.104,0,1,0
chain,7,hot,resident_chain_5,cpu,float32,32,1024,4096,none,10,159.148,15.9148,0,0,0
chain,7,upload,resident_chain_5,gpu,float32,32,2048,8192,chain_inputs,1,21.436,21.436,2,0,0
chain,7,cold,resident_chain_5,gpu,float32,32,1024,4096,none,1,27.887,27.887,0,0,5
chain,7,hot,resident_chain_5,gpu,float32,32,1024,4096,none,10,195.343,19.5343,0,0,50
chain,7,download,resident_chain_5,gpu,float32,32,1,4,chain_output,1,1.154,1.154,0,1,0
chain,7,hot,resident_chain_5,cpu,float32,128,16384,65536,none,3,2045.634,681.878,0,0,0
chain,7,upload,resident_chain_5,gpu,float32,128,32768,131072,chain_inputs,1,22.638,22.638,2,0,0
chain,7,cold,resident_chain_5,gpu,float32,128,16384,65536,none,1,30.969,30.969,0,0,5
chain,7,hot,resident_chain_5,gpu,float32,128,16384,65536,none,3,52.916,17.638666,0,0,15
chain,7,download,resident_chain_5,gpu,float32,128,1,4,chain_output,1,0.536,0.536,0,1,0
chain,7,hot,resident_chain_5,cpu,float32,512,262144,1048576,none,1,46787.98,46787.98,0,0,0
chain,7,upload,resident_chain_5,gpu,float32,512,524288,2097152,chain_inputs,1,42.565,42.565,2,0,0
chain,7,cold,resident_chain_5,gpu,float32,512,262144,1048576,none,1,337.978,337.978,0,0,5
chain,7,hot,resident_chain_5,gpu,float32,512,262144,1048576,none,1,238.98601,238.98601,0,0,5
chain,7,download,resident_chain_5,gpu,float32,512,1,4,chain_output,1,0.699,0.699,0,1,0
